id,text,date,retweets,favorites
1.2853E+18,"We are United in our effort to defeat the Invisible China Virus, and many people say that it is Patriotic to wear aâ€?https://t.co/zcdVQe2vRn",7/20/2020 19:43,57356,323246
1.2852E+18,"Congratulations Allen, great job! https://t.co/jjeUk1SwGm",7/20/2020 12:53,20850,107710
1.2849E+18,"So we catch Obama &amp; Biden, not to even mention the rest of their crew, SPYING on my campaign, AND NOTHING HAPPENS?â€?https://t.co/zefK46dmz8",7/19/2020 17:14,74707,300712
1.28489E+18,"The Radical Left Democrats, who totally control Biden, will destroy our Country as we know it. Unimaginably bad thiâ€?https://t.co/tkjXLN0CNn",7/19/2020 16:56,39600,160630
1.2885E+18,I am in @AirForceOne_HQ flying to the Great State of Texas. It is AMAZING in watching @FoxNews how different they aâ€?https://t.co/4AJ9JZyeGl,7/29/2020 15:56,5727,23432
1.28554E+18,"Mail-In Voting, unless changed by the courts, will lead to the most CORRUPT ELECTION in our Nationâ€™s History! #RIGGEDELECTION",7/21/2020 11:41,45889,174300
1.28554E+18,Strong Stock Market Numbers. You want to see them dive? Vote for the Radical Left with their BIG Tax Hikes!,7/21/2020 11:33,30498,148764
1.28553E+18,â€œIn my view General Flynn should never have been prosecuted in the first place.â€?@Judgenap Judge Andrew Napolitano  @foxandfriends,7/21/2020 10:48,21281,90693
1.28552E+18,"You will never hear this on the Fake News concerning the China Virus, but by comparison to most other countries, whâ€?https://t.co/7DUmo0EGBL",7/21/2020 10:39,23807,118967
1.28552E+18,Tremendous progress being made on Vaccines and Therapeutics!!!,7/21/2020 10:31,20823,134279
1.28552E+18,"Looking forward to live sports, but any time I witness a player kneeling during the National Anthem, a sign of greaâ€?https://t.co/ld98zeAK3j",7/21/2020 10:24,55965,299772
1.28552E+18,Thank you for the good reviews and comments on my interview with Chris Wallace of @FoxNews. We may have set a recorâ€?https://t.co/gJNbchHeS3,7/21/2020 10:21,19386,104239
1.28602E+18,We MUST protect our National Parks for our children and grandchildren. I am calling on the House to pass the GREATâ€?https://t.co/aC8QozIiFY,7/22/2020 19:32,31811,158508
1.2863E+18,"Recently watched failed RINO Tom Ridge, former head of Homeland Security, trying to justify his sudden love of theâ€?https://t.co/anVO7OGBTi",7/23/2020 13:59,29768,121065
1.28628E+18,"We did great things, but it doesnâ€™t matter to the Dems! https://t.co/itApu2V1JU",7/23/2020 12:44,19134,79707
1.28627E+18,"John Bolton is, with the exception of Hillary, by far the worst offender of them all! https://t.co/dYk0dsxkG5",7/23/2020 12:14,12810,45000
1.28627E+18,"Great, but did MAGA have anything to do with this great ratings success? https://t.co/npPUfQ4LLL",7/23/2020 12:12,10065,48332
1.28627E+18,Liz Cheney is only upset because I have been actively getting our great and beautiful Country out of the ridiculousâ€?https://t.co/f5JIriDKMo,7/23/2020 11:45,26594,115836
1.28607E+18,I am deeply saddened by the loss of my friend Charles Evers. Charles was a trail blazer in politics and a fearlessâ€?https://t.co/NfuzZcFYJa,7/22/2020 22:46,25464,130197
1.28667E+18,"I spoke to highly respected (Chairman) Senator @JimInhofe, who has informed me that he WILL NOT be changing the namâ€?https://t.co/KS7792256c",7/24/2020 14:28,31256,134451
1.28666E+18,"Great job by @elonmusk in agreeing to build, in TEXAS, what is expected to be the largest auto plant anywhere in thâ€?https://t.co/zwaAL4N06K",7/24/2020 13:59,48878,291579
1.28665E+18,The great Jim Ryun will be honored this morning at the White House with the presentation of The Presidential Medalâ€?https://t.co/00LSM7eo6U,7/24/2020 12:55,14157,69186
1.28646E+18,Will be interviewed by @seanhannity tonight at 9:00 P.M. on @FoxNews. Enjoy!!!,7/24/2020 0:18,14436,84461
1.28645E+18,WELCOME BACK BASEBALL! https://t.co/dhLSfNkI7L,7/23/2020 23:43,30149,171399
1.2864E+18,White House Press Conference at 5:15 P.M. Live!,7/23/2020 20:53,14001,93386
1.28637E+18,The Suburban Housewives of America must read this article. Biden will destroy your neighborhood and your American Dâ€?https://t.co/ufn2RFsvJU,7/23/2020 18:46,36402,102731
1.28634E+18,"Obama, who wouldnâ€™t even endorse Biden until everyone else was out of the primaries (and even then waited a long tiâ€?https://t.co/njPe0J63N1",7/23/2020 16:29,45460,208541
1.28633E+18,The Democrats have stated strongly that they wonâ€™t approve a Payroll Tax Cut (too bad!). It would be great for workâ€?https://t.co/1c5HyGTBXG,7/23/2020 16:09,33839,120681
1.28716E+18,"My Administration is closely monitoring Hurricane Douglas off Hawaii &amp; Hurricane Hanna, which has now made landfallâ€?https://t.co/HYfKIqiMAq",7/25/2020 23:13,13498,54286
1.28712E+18,"....And to Joy, his wonderful wife who he loved so much, my warmest condolences!!!",7/25/2020 20:15,15478,109445
1.28712E+18,"One of the greats in the history of television, Regis Philbin has passed on to even greater airwaves, at 88. He wasâ€?https://t.co/iNm7fbv9Qk",7/25/2020 20:15,29444,176627
1.28699E+18,@BrandonStraka Many Democrats are leaving the party over calls to Defund the Police. @foxandfriends @PeteHegseth  Gâ€?https://t.co/LzMin7aeeh,7/25/2020 12:01,9069,30008
1.28699E+18,"The Democrats in the House are trying to undo my big win Travel Ban Bill, which successfully keeps very bad and danâ€?https://t.co/yiRwbvDsj0",7/25/2020 11:43,30999,107431
1.28698E+18,"...to virtual pennies. Epi-pens went from their incredibly high, jacked up prices, to lower than their original givâ€?https://t.co/Rv9CSYMJmc",7/25/2020 11:09,29405,143551
1.28698E+18,"Yesterday I signed four measures that will massively reduce the prices of prescription drugs, in many cases by moreâ€?https://t.co/UMENw5nyxw",7/25/2020 11:09,48269,214646
1.28688E+18,Congratulations Jim. It was a great and beautiful event. Well deserved! https://t.co/I4iwvYx3DK,7/25/2020 4:17,10191,49412
1.28687E+18,Wow. Win in 2020!!! https://t.co/q1XDB5BuTY,7/25/2020 3:34,16428,66581
1.28681E+18,"So Obama and his team of lowlifes spied on my campaign, and got caught - Open and shut case! More papers released tâ€?https://t.co/jVb50pLDVa",7/24/2020 23:38,76017,304112
1.2868E+18,96% Approval Rating in the Republican Party. Thank you!,7/24/2020 22:57,31479,214286
1.28673E+18,Congratulations @JimRyun! https://t.co/I4iwvYx3DK https://t.co/E0wBx1Gjh2,7/24/2020 18:47,9542,38139
1.28795E+18,"....would destroy our American cities, and worse, if Sleepy Joe Biden, the puppet of the Left, ever won. Markets woâ€?https://t.co/lBR8Kcty96",7/28/2020 2:58,24141,108231
1.28795E+18,"The Fake News Media is trying to portray the Portland and Seattle â€œprotestersâ€?as wonderful, sweet and innocent peoâ€?https://t.co/CmYCAHUEQn",7/28/2020 2:58,39387,163952
1.28789E+18,MAKE AMERICA GREAT AGAIN!,7/27/2020 22:59,80150,501143
1.28788E+18,"So disgusting to watch Twitterâ€™s so-called â€œTrendingâ€? where sooo many trends are about me, and never a good one. Tâ€?https://t.co/2jXMbVZaGN",7/27/2020 22:41,61150,318057
1.28788E+18,"Anarchists, Agitators or Protestors who vandalize or damage our Federal Courthouse in Portland, or any Federal Builâ€?https://t.co/v7S60pByOO",7/27/2020 22:28,38538,146967
1.28775E+18,"Homeland Security or Federal Forces are little involved in Seattle, other than we have a large standby team in caseâ€?https://t.co/pG82EtqegZ",7/27/2020 13:57,26756,111332
1.28755E+18,"Rigged Election, and EVERYONE knows it! https://t.co/mjuB6wz95B",7/27/2020 1:03,15774,53902
1.28755E+18,Where is JUSTICE? https://t.co/sJTDSCDXGi,7/27/2020 1:01,19087,59894
1.28754E+18,"He is, and people are not happy about it. The Washington Post is a political front for Amazon. Nobody treated Ronalâ€?https://t.co/hW5flidWSN",7/27/2020 0:06,11688,37866
1.28754E+18,Nice! https://t.co/4yvPax9J3B,7/26/2020 23:57,23440,129952
1.28754E+18,"We do more testing than any country in the World, by far, over 55 million tests. Fake News @CNN says we should do mâ€?https://t.co/IqjIxonfTt",7/26/2020 23:54,14018,48314
1.28752E+18,The â€œprotestersâ€?are actually anarchists who hate our Country. The line of innocent â€œmothersâ€?were a scam that Lameâ€?https://t.co/eYse7yD3Kp,7/26/2020 22:37,24614,80254
1.28749E+18,"The 2020 Election will be totally rigged if Mail-In Voting is allowed to take place, &amp; everyone knows it. So much tâ€?https://t.co/ulD2VTrJPd",7/26/2020 20:51,45128,173371
1.28747E+18,"Because of my strong focus on the China Virus, including scheduled meetings on Vaccines, our economy and much else,â€?https://t.co/RCuaQWosOq",7/26/2020 19:44,20893,114060
1.28747E+18,"The Lamestream Media, including @FoxNews, which has really checked out, is refusing to show what is REALLY going onâ€?https://t.co/0j5xTQldb0",7/26/2020 19:37,35168,116105
1.28747E+18,"There is NO WAY a place like Pennsylvania can vote for the Radical Left and their puppet, Joe Biden, when they areâ€?https://t.co/wFNvPKvour",7/26/2020 19:31,29285,124315
1.28746E+18,"So the Washington Post is running the Reagan Foundation, and RINO Paul Ryan is on the Board of Fox, which has beenâ€?https://t.co/lCg3WdD9RH",7/26/2020 18:30,15519,49133
1.28737E+18,"The Trump Campaign has more ENTHUSIASM, according to many, than any campaign in the history of our great Country -â€?https://t.co/tvJxbKoKp2",7/26/2020 13:06,31303,126463
1.28737E+18,Crazy Nancy Pelosi said I made a mistake when I banned people from infected China from entering the U.S. in Januaryâ€?https://t.co/OE7qVmr3LC,7/26/2020 12:57,43473,200437
1.28737E+18,"Brett LOVES Wisconsin, Mississippi and Minnesota. A good golfer - hits it LONG! https://t.co/JcBJJEWI0X",7/26/2020 12:46,12993,80909
1.28737E+18,"This week you had Joe Biden call Arizona a CITY. Nothing matters with him, however, because the Opposition Party (Lâ€?https://t.co/fhfPSfuDuD",7/26/2020 12:38,31334,125805
1.28725E+18,Thank you Jon! https://t.co/vWVriDTnDb,7/26/2020 4:57,31738,136581
1.28844E+18,LAW &amp; ORDER!,7/29/2020 11:30,48443,262404
1.28844E+18,Sleepy Joe Biden is just a Trojan Horse for the Radical Left Agenda. He will do whatever they want!,7/29/2020 11:30,41566,196636
1.28844E+18,"â€œThe Plus, Self-Help for People Who Hate Self-Helpâ€? by the very smart and witty @greggutfeld, is on sale now. It iâ€?https://t.co/HM4FyGDITb",7/29/2020 11:24,13997,57294
1.28843E+18,Great going to a very talented group! https://t.co/Iyw3yOEoN2,7/29/2020 11:20,7667,34714
1.28843E+18,Vote these people out. They are CRAZY!  #2020 https://t.co/ktRw2pJUFa,7/29/2020 11:18,42461,130479
1.28811E+18,"....be able to produce what I have. So when you see those nasty ads from Big Pharma remember, the only reason theyâ€?https://t.co/Yr70xJLf76",7/28/2020 13:48,29326,117896
1.28811E+18,Big Pharma is taking television ads trying to make the case that I am raising prescription drug prices on seniors.â€?https://t.co/gTMIf7wDIQ,7/28/2020 13:48,60741,214041
1.2881E+18,â€œNadler calls ANTIFA violence a MYTH.â€?@foxandfriends  They are Anarchists with miles of â€œtapeâ€?showing their illegâ€?https://t.co/3PHB1th4yv,7/28/2020 12:53,37137,140612
1.28862E+18,"Germany pays Russia billions of dollars a year for Energy, and we are supposed to protect Germany from Russia. Whatâ€?https://t.co/RKaN0O2gtM",7/29/2020 23:39,47187,199063
1.28862E+18,"Check out this Mail-In Voting experiment by a local news station! 
https://t.co/23tOdt1hYc",7/29/2020 23:24,60431,128386
1.2886E+18,New York Mail-In voting is in a disastrous state of condition. Votes from many weeks ago are missing - a total messâ€?https://t.co/AhENvwe53K,7/29/2020 22:28,39896,119735
1.2886E+18,.@FoxNews reported incorrectly what the Federal Government is doing with respect to Portland. We are demanding thatâ€?https://t.co/SplDaVw21D,7/29/2020 22:15,29213,98195
1.28856E+18,Great to be in Texas!,7/29/2020 19:57,29779,250218
1.28852E+18,"...do not stop the Crime and Violence from the Anarchists and Agitators immediately, the Federal Government will goâ€?https://t.co/Jz7OQ2YYEv",7/29/2020 17:02,13699,59404
1.28852E+18,"If the Federal Government and its brilliant Law Enforcement (Homeland) didnâ€™t go into Portland one week ago, thereâ€?https://t.co/rbwoNLkfoY",7/29/2020 17:02,19468,78160
1.28852E+18,Just landed in the Great State of Texas! https://t.co/Z9LjIU0Uec,7/29/2020 16:59,9951,50036
1.28852E+18,"I was on Air Force One flying to the Great State of Texas, where I just landed. It is AMAZING in watching @FoxNewsâ€?https://t.co/LD9tbmkQSy",7/29/2020 16:58,23604,110996
1.28851E+18,"...With Biden, drug prices will quadruple! After many years, the game is finally up for Big Pharma, and theyâ€™re NOTâ€?https://t.co/wxvuPoR9sT",7/29/2020 16:26,15986,62547
1.28851E+18,"The drug companies are spending millions of dollars in advertising against me, only because I am lowering drug pricâ€?https://t.co/mMSgLvEEUT",7/29/2020 16:26,32272,115793
1.28851E+18,"...Your housing prices will go up based on the market, and crime will go down. I have rescinded the Obama-Biden AFFH Rule. Enjoy!",7/29/2020 16:19,27385,130319
1.28851E+18,I am happy to inform all of the people living their Suburban Lifestyle Dream that you will no longer be bothered orâ€?https://t.co/mAXfVohaPT,7/29/2020 16:19,40780,194525
1.28851E+18,"If Congress doesnâ€™t bring fairness to Big Tech, which they should have done years ago, I will do it myself with Exeâ€?https://t.co/Fs3KGqYEUv",7/29/2020 16:07,42493,150631
1.2885E+18,Reno-Stead Airport has big bucks coming its way. Iâ€™m designating over $4.8 million from @USDOT to reconstruct the aâ€?https://t.co/me8onYIUuO,7/29/2020 15:56,9252,38409
1.2885E+18,BIG bucks are on their way to @ILMairport. Over $21.1 MILLION designated to Wilmington International from @USDOT toâ€?https://t.co/EZArH8jSNZ,7/29/2020 15:55,7740,33001
1.2885E+18,"I am designating $18.9 million from @USDOT to MANY airports in Ohio, including @goingplacescle, @CAKairport, and seâ€?https://t.co/xggQxzMl8W",7/29/2020 15:54,8224,36215
1.2885E+18,Great news for Florida! $3.3 million will be sent to @flyKissimmee from @USDOT for airport improvements and safetyâ€?https://t.co/1aS7JXgoaP,7/29/2020 15:54,8002,34753
1.2885E+18,"I am designating $18.77M from @USDOT for 7 airports across Pennsylvania. @PITairport, Northeast Philadelphia Airporâ€?https://t.co/wXJm5VABN8",7/29/2020 15:53,8264,36837
1.2885E+18,Texarkana Regional Airport has a major grant coming its way from @USDOT. Iâ€™m designating $3.6 million to reconstrucâ€?https://t.co/d4llxvICQW,7/29/2020 15:52,10720,47394
1.28898E+18,Great to spend time with Mike Singletary while going to Texas. Heâ€™s one of the greatest football players ever â€?A sâ€?https://t.co/aGHfkOGkBM,7/30/2020 23:33,21311,120938
1.28897E+18,"My Administration has been focused on finding treatments for Coronavirus. If youâ€™ve recovered from Coronavirus, donâ€?https://t.co/8ScvDKsF7P",7/30/2020 22:45,17601,63867
1.28897E+18,"As the Wall goes up, illegal crossings go down. This past week we built over 10 miles of Wall at our Southern Bordeâ€?https://t.co/VsCJYy6nsJ",7/30/2020 22:34,31673,143741
1.28893E+18,"We are going to WIN the 2020 Election, BIG! #MAGA",7/30/2020 20:23,84751,454542
1.28893E+18,"Must know Election results on the night of the Election, not days, months, or even years later!",7/30/2020 20:22,38765,178853
1.28893E+18,Glad I was able to get the very dishonest LameStream Media to finally start talking about the RISKS to our Democracâ€?https://t.co/h8MvF75U8C,7/30/2020 20:22,28498,109925
1.28891E+18,"...the phone with his amazing wife Gloria, daughter, Melanie, and son Vincent to express my deepest condolences toâ€?https://t.co/DTNRq19dl0",7/30/2020 18:42,22907,107874
1.28891E+18,"My friend Herman Cain, a Powerful Voice of Freedom and all that is good, passed away this morning. Herman had an inâ€?https://t.co/3esEHY3Y5N",7/30/2020 18:42,31358,147790
1.28884E+18,"Support Patio Pizza and its wonderful owner, Guy Caligiuri, in St. James, Long Island (N.Y.). Great Pizza!!! @Varneyco",7/30/2020 14:26,24750,114910
1.28883E+18,Drug prices will soon be lowered massively. Big Pharma (Drug Companies) are advertising against me like crazy becauâ€?https://t.co/8baXn6bQNd,7/30/2020 13:44,35176,140770
1.28883E+18,"Kate Brown, Governor of Oregon, isnâ€™t doing her job. She must clear out, and in some cases arrest, the Anarchists &amp;â€?https://t.co/DpNyyJRZ6M",7/30/2020 13:20,29502,119217
1.28882E+18,"With Universal Mail-In Voting (not Absentee Voting, which is good), 2020 will be the most INACCURATE &amp; FRAUDULENT Eâ€?https://t.co/VcSCg7IPwj",7/30/2020 12:46,62217,245126
1.28882E+18,Major China Virus flare ups in many of the countries that the Fake News was touting as doing so well. Some of theseâ€?https://t.co/WjWXFZ0B3d,7/30/2020 12:33,22669,84279
1.28881E+18,Mail-In Voting is already proving to be a catastrophic disaster. Even testing areas are way off. The Dems talk of fâ€?https://t.co/QoWi24fhON,7/30/2020 12:10,30873,110685
1.28964E+18,"Peggy Noonan, a â€œConcastâ€?MSDNC @WSJ puppet, doesnâ€™t have a clue, and hasnâ€™t for many years. Never got the â€œTrump tâ€?https://t.co/iw93a3UGOT",8/1/2020 19:29,12973,53140
1.28964E+18,"Jake, this wasnâ€™t a Trump Rally, but rather a very successful gathering of the great Sheriffs and Law Enforcement (â€?https://t.co/aKuUrw5mEF",8/1/2020 18:57,18098,62719
1.28963E+18,"Wrong! We have more cases because we have tested far more than any other country, 60,000,000. If we tested less, thâ€?https://t.co/R9utcOjcXo",8/1/2020 18:45,20378,74613
1.28941E+18,Homeland Security is not leaving Portland until local police complete cleanup of Anarchists and Agitators!,8/1/2020 3:52,34964,171162
1.28941E+18,Obama worked harder for Hillary Clinton and the losing Clinton Campaign than she worked for herself! Now heâ€™s workiâ€?https://t.co/1aCY8zrhoR,8/1/2020 3:46,38557,179466
1.2894E+18,We have more Cases because we do more Testing. Itâ€™s Lamestream Media Gold!,8/1/2020 3:08,35429,223438
1.28936E+18,"We beat Obama 4 years ago, he worked harder than Crooked Hillary, and weâ€™ll do it again! https://t.co/oaqnlkr7bW",8/1/2020 0:32,29031,123134
1.28935E+18,"Iâ€™m with you all the way, thank you!
https://t.co/JL15Lh7I7A",8/1/2020 0:13,26509,100762
1.28931E+18,I am thrilled to be back in my home state of Floridaâ€”and honored to receive the endorsement of dozens of incredibleâ€?https://t.co/8VDQclFrUs,7/31/2020 21:31,22395,87728
1.28928E+18,"The Democrats are holding back the $1,200 to $3,400 (family of four) checks that were ready to be sent out!",7/31/2020 19:37,61671,202498
1.28928E+18,Very disappointed in @SenSchumer for blocking the temporary extension of the $600 unemployment benefits. The Do Notâ€?https://t.co/o0B1moxOQD,7/31/2020 19:37,37840,117754
1.28928E+18,"Pelosi &amp; Schumer blocked desperately needed unemployment payments, which is so terrible, especially since they fullâ€?https://t.co/VVvJqxSLqM",7/31/2020 19:33,41943,143874
1.28928E+18,Pelosi &amp; Schumer have no interest in making a deal that is good for our Country and our People. All they want is aâ€?https://t.co/ke6U1FTClB,7/31/2020 19:31,26355,86664
1.28928E+18,".@BillHagertyTN, an outstanding man and one of the best Ambassadors ever (Japan), is running an excellent campaignâ€?https://t.co/1WWpkQwzFe",7/31/2020 19:05,13588,44454
1.28928E+18,"We just got 50% in Rasmussen, and much higher in our internal polls. We are doing a new ad campaign on Sleepy Joe Bâ€?https://t.co/1gO8vNxJ2i",7/31/2020 19:02,23751,97385
1.28926E+18,"Great job by Jim Jordan, and also some very good statements by Tony Fauci. Big progress being made! https://t.co/8Oeca9H3yq",7/31/2020 18:03,19276,78218
1.2892E+18,".....Our massive testing capability, rather than being praised, is used by the Lamestream Media and their partner,â€?https://t.co/EF93O4sVOl",7/31/2020 14:08,19304,86472
1.2892E+18,"Somebody please tell Congressman Clyburn, who doesnâ€™t have a clue, that the chart he put up indicating more CASES fâ€?https://t.co/Fe4HgDF9sv",7/31/2020 14:08,32996,143773
1.28978E+18,Death penalty! He killed and badly wounded many. Justice! https://t.co/WM9Vw26a21,8/2/2020 4:12,23615,103638
1.28974E+18,MAKE AMERICA GREAT AGAIN!,8/2/2020 1:56,71355,448336
1.28973E+18,"Congressman Blaine Luetkemeyer (@LuetkemeyerB) is doing a terrific job for Missouri! As a Small Businessman, he helâ€?https://t.co/aLOhJW2b0B",8/2/2020 1:27,4734,19203
1.28973E+18,Congresswoman Vicky Hartzler (@VickyH4Congress) works hard for the people of Missouri! She strongly supports our inâ€?https://t.co/tygaOAXeAQ,8/2/2020 1:27,4203,16211
1.28973E+18,"Congressman Sam Graves is doing an incredible job for Missouri! He fights for American Energy Independence, defendsâ€?https://t.co/L5Z9Bf0xuB",8/2/2020 1:27,5104,19902
1.28973E+18,"Congressman Billy Long (@auctnr1) fully supports our America First agenda! He strongly supports our WALL, protectsâ€?https://t.co/4kLEyouZ66",8/2/2020 1:27,3742,15722
1.28973E+18,Congressman Dan Newhouse (@Newhouse4Rep) is doing a phenomenal job for Washington State! He is Strong on the Economâ€?https://t.co/YULnCJLdOW,8/2/2020 1:27,3693,14358
1.28973E+18,Cathy McMorris Rodgers (@TeamCMR) has been a tremendous advocate for the people of Washington State! She supports oâ€?https://t.co/lpDNrPvOLn,8/2/2020 1:27,3614,13942
1.28973E+18,"Congressman Jason Smith (@JasonSmithMO) is a conservative warrior for Missouri! He helped us Cut your Taxes, Buildâ€?https://t.co/NuKvZgzGeq",8/2/2020 1:27,3891,14681
1.28973E+18,"Dale Crafts (@DaleCraftsME) will be a tremendous Congressman for Maine! An experienced businessman, Dale knows howâ€?https://t.co/OTHrPnMfq3",8/2/2020 1:27,4098,15349
1.28973E+18,Big flare ups in Europe. Fake News USA doesnâ€™t like talking about this! https://t.co/7TR2hosXqZ,8/2/2020 1:16,8703,33790
1.28967E+18,"â€œBiden to raise taxes by 3 Trillion Dollars.â€?Actually, it will be much more than that, and much of it on nonsense.â€?https://t.co/ufgj17eTEX",8/1/2020 21:29,30277,114948
1.28966E+18,"Very excited to see @SeanHannityâ€™s long awaited new book, 'Live Free or Die: America (and the World) on the Brink'â€?https://t.co/Ygs8Zav78C",8/1/2020 20:22,15092,60374
1.28966E+18,"A great new book, â€œDefender in Chief: Donald Trump's Fight for Presidential Powerâ€? written by celebrated constitutâ€?https://t.co/GnIdZtIRsv",8/1/2020 20:17,8806,33416
1.28965E+18,"I actually agree with this. Too much income disparity. Changes must be made, and soon! https://t.co/YZx6gPDTMb",8/1/2020 19:37,28188,100616
1.29172E+18,Thank you! https://t.co/uEytELtQQj,8/7/2020 12:48,14533,61128
1.29027E+18,"Wow! Really bad TV Ratings for Morning Joe (@JoeNBC). @foxandfriends doing great, leading all others by far. @CNN not a factor!!!",8/3/2020 12:57,15835,77183
1.29026E+18,96% Approval Rating in the Republican Party. 50% in new Rasmussen Poll (higher than Obama at this point in time). Thank you!,8/3/2020 12:22,29772,156874
1.29026E+18,Cases up because of BIG Testing! Much of our Country is doing very well. Open the Schools!,8/3/2020 12:03,33228,179700
1.29025E+18,FAKE NEWS IS THE ENEMY OF THE PEOPLE!,8/3/2020 11:49,86310,427765
1.29025E+18,"With the exception of New York &amp; a few other locations, weâ€™ve done MUCH better than most other Countries in dealingâ€?https://t.co/wbGN8wb62c",8/3/2020 11:46,23811,104232
1.29025E+18,"In an illegal late night coup, Nevadaâ€™s clubhouse Governor made it impossible for Republicans to win the state. Posâ€?https://t.co/5R3OTc5hZq",8/3/2020 11:37,37894,105839
1.29001E+18,....and ruined. The Federal Government must again seek the Death Penalty in a do-over of that chapter of the originâ€?https://t.co/Uct3RdfUiN,8/2/2020 19:48,18248,87627
1.29001E+18,"Rarely has anybody deserved the death penalty more than the Boston Bomber, Dzhokhar Tsarnaev. The court agreed thatâ€?https://t.co/BqeVjbdYuh",8/2/2020 19:48,31679,135665
1.29E+18,Astronauts complete first splashdown in 45 years. Very exciting!,8/2/2020 18:59,33576,236729
1.29E+18,Great to have NASA Astronauts return to Earth after very successful two month mission. Thank you to all!,8/2/2020 18:54,30518,238979
1.28989E+18,"When you see the Drug Companies taking massive  television ads against me, forget what they say (which is false), Yâ€?https://t.co/E9I0avXsRo",8/2/2020 12:01,46607,177915
1.28989E+18,"Big China Virus breakouts all over the World, including nations which were thought to have done a great job. The Faâ€?https://t.co/89VvasWKMx",8/2/2020 11:35,21108,77208
1.28988E+18,"Was in the Great State of Texas this week and explained that the Radical Left Do Nothing Democrats, headed up by thâ€?https://t.co/Ld5bnpgPJ1",8/2/2020 10:54,22041,96096
1.28987E+18,"Madison is a star who loves the USA and his Great State, North Carolina. Will fight for Military, Vets, 2nd Amendmeâ€?https://t.co/yX3u3WbljU",8/2/2020 10:40,8347,32159
1.28987E+18,Thatâ€™s because it is mostly FAKE NEWS! https://t.co/qM5LtOvsH8,8/2/2020 10:25,11544,44089
1.28986E+18,Hunter - Meadow is proud of you. So am I. Congratulations! https://t.co/Bb8I3l3wfv,8/2/2020 9:58,6910,32274
1.28986E+18,This is outrageous. Must be met with immediate litigation! @GOPChairwoman https://t.co/CD6bD3Kn6J,8/2/2020 9:41,18309,44685
1.29069E+18,"Whether you call it Vote by Mail or Absentee Voting, in Florida the election system is Safe and Secure, Tried and Tâ€?https://t.co/vU7fgiMiwP",8/4/2020 16:55,22185,95202
1.29065E+18,"Big Pharma is taking ads against me because I am MASSIVELY lowering your drug prices, which is obviously not good fâ€?https://t.co/rVRuPTKEiM",8/4/2020 14:01,36951,136250
1.29064E+18,Happy 230th Birthday @USCG!! https://t.co/c2cXCEDF2x https://t.co/QsUJsWbmDh,8/4/2020 13:18,12186,51485
1.29062E+18,People are not happy that players are not standing for our National Anthem!,8/4/2020 12:20,47306,308287
1.29049E+18,OPEN THE SCHOOLS!!!,8/4/2020 3:22,79258,482562
1.29031E+18,My visits last week to Texas and Florida had massive numbers of cheering people gathered along the roads and highwaâ€?https://t.co/pmoITXw1Iz,8/3/2020 15:27,26378,124161
1.29028E+18,"RECORD HIGH NASDAQ! It would all come crashing down, including your Jobs, Stocks, and 401kâ€™s, if Sleepy Joe ever beâ€?https://t.co/ejZ2IevqPm",8/3/2020 13:49,34936,152917
1.29028E+18,"So Crazy Nancy Pelosi said horrible things about Dr. Deborah Birx, going after her because she was too positive onâ€?https://t.co/E0d5Oy4CIY",8/3/2020 13:44,26090,102160
1.29097E+18,Nevada has ZERO infrastructure for Mail-In Voting. It will be a corrupt disaster if not ended by the Courts. It wilâ€?https://t.co/WkSC3J1bx5,8/5/2020 11:08,21339,83337
1.29096E+18,MAKE AMERICA GREAT AGAIN!,8/5/2020 10:30,63181,426168
1.29096E+18,I will be interviewed on @foxandfriends at 7:30 A.M. Enjoy!,8/5/2020 10:27,11245,74543
1.29096E+18,NASA was Closed &amp; Dead until I got it going again. Now it is the most vibrant place of its kind on the Planet...Andâ€?https://t.co/TkGblWksj5,8/5/2020 10:23,14590,59610
1.29095E+18,"For those that thought I wasnâ€™t into the Environment, this is the biggest bill ever passed, by far. I wonder if thiâ€?https://t.co/fRcad1v0UO",8/5/2020 10:14,19891,76864
1.29095E+18,A great race run by Roger against a very tough and smart opponent. Roger loves Kansas and will represent it incrediâ€?https://t.co/NnlrKt2QnQ,8/5/2020 10:09,9091,36139
1.29095E+18,There is TREMENDOUS Lawlessness in Americaâ€™s Liberal Cities. Would be so easy to stop but they have a clouded visioâ€?https://t.co/QVYV5IzMWY,8/5/2020 9:57,27743,106237
1.29078E+18,Great meeting today with the CoronaVirus Task Force in the Oval Office. Stay informed at: https://t.co/p9j7kZsD7b. https://t.co/nnnUHCzOLV,8/4/2020 23:01,12494,57666
1.29074E+18,"THE WALL STREET JOURNAL

â€œTrump Wins in Portlandâ€?
â€œSomething big has changed in Portland, Ore. After weeks of chaoâ€?https://t.co/aKIwEGyws1",8/4/2020 20:10,20276,78366
1.29073E+18,I am deeply saddened by the tragic loss of eight Marines and one Sailor during a training exercise off the coast ofâ€?https://t.co/NY9UPfz3AH,8/4/2020 19:26,34478,191017
1.29073E+18,"Today we celebrated the passage of landmark legislation that will preserve Americaâ€™s majestic natural wonders, pricâ€?https://t.co/xyBqhfoWDg",8/4/2020 19:13,15919,61230
1.29184E+18,Pelosi and Schumer only interested in Bailout Money for poorly run Democrat cities and states. Nothing to do with Câ€?https://t.co/UqtSPcL7cG,8/7/2020 21:03,42400,172433
1.29173E+18,Great Jobs Numbers!,8/7/2020 13:48,32278,211105
1.29172E+18,"After yesterdayâ€™s statement, Sleepy Joe Biden is no longer worthy of the Black Vote!",8/7/2020 13:06,40610,208336
1.29172E+18,"This is the biggest political crime and scandal in American history. Hopefully, for the good of our Country, it isâ€?https://t.co/UniT4tnfJX",8/7/2020 12:51,25194,75727
1.29172E+18,Thank you! https://t.co/OS9T8cjDy0,8/7/2020 12:49,13667,54891
1.29171E+18,"I called the politicization of the China Virus by the Radical Left Democrats a Hoax, not the China Virus itself. Evâ€?https://t.co/8H61ESLHul",8/7/2020 12:30,37363,152408
1.29149E+18,WE will WIN Ohio even bigger than we did in 2016 â€?MAGA is stronger than ever before! https://t.co/2JB9rCzRue,8/6/2020 21:59,45525,183426
1.29144E+18,"Just like Radical Left New York is trying to destroy the NRA, if Biden becomes President your GREAT SECOND AMENDMENâ€?https://t.co/sQBvrbSdwq",8/6/2020 18:07,43456,153449
1.29142E+18,Joe Biden: â€˜Unlike the African American Community ... the Latino Community Is an Incredibly Diverse Communityâ€˜â€?https://t.co/NiyY2k3C5E,8/6/2020 17:11,26687,76951
1.29142E+18,Just departed for the Great State of Ohio! https://t.co/vAg0tdRFP8,8/6/2020 16:51,11814,69248
1.2914E+18,"Upon departing the Oval Office for Ohio, Iâ€™ve notified my staff to continue working on an Executive Order with respâ€?https://t.co/hWuUVolCxG",8/6/2020 15:56,34284,145735
1.29134E+18,"How can voters be sending in Ballots starting, in some cases, one month before the First Presidential Debate. Moveâ€?https://t.co/baPvocEtjL",8/6/2020 11:44,48660,210700
1.29123E+18,Two wonderful people! https://t.co/Fo2CLjc9YZ,8/6/2020 4:25,23028,112072
1.29122E+18,Sally Yates is either lying or grossly incompetent. It is not possible she could have known so little about Dirty Câ€?https://t.co/TvUDmUOHQB,8/6/2020 4:06,29212,109206
1.29122E+18,"A very big CONGRATULATIONS to the great @seanhannity on having the Number One Book on the Planet, â€œLive Free Or Dieâ€?https://t.co/1FoYp4fJLn",8/6/2020 3:51,19677,98277
1.29117E+18,â€œCities across the Nation that are run by Democrats are in shambles.â€?Matt Walsh  @TuckerCarlson,8/6/2020 0:18,30709,136653
1.29114E+18,Congressman Scott DesJarlais (@tndesjarlais) has been a tremendous advocate for Tennessee! One of my earliest suppoâ€?https://t.co/j1yFGxChTN,8/5/2020 22:49,9727,35441
1.29112E+18,DRAIN THE SWAMP! https://t.co/68M4sN7LLD,8/5/2020 21:03,120143,289883
1.29107E+18,"BIG NEWS! The Political Crime of the Century is unfolding. ObamaBiden illegally spied on the Trump Campaign, both bâ€?https://t.co/izetBFlmHZ",8/5/2020 18:10,39061,104918
1.29107E+18,"Every time you see a negative Big Pharma commercial against me remember, it means your drug prices are coming way down!",8/5/2020 18:09,41373,187456
1.29102E+18,"Sally Yates has zero credibility. She was a part of the greatest political crime of the Century, and ObamaBiden kneâ€?https://t.co/a8PMKQG9Pq",8/5/2020 14:15,34776,117971
1.29101E+18,".@CNN has no sources on the Task Force. Their â€œsourcesâ€?are made up, pure fiction! Jim Acosta is a Fake reporter!",8/5/2020 14:05,32360,135403
1.29187E+18,Big wins in Tennessee and Kansas! Congratulations to @BillHagertyTN and @RogerMarshallMD. They love our Country andâ€?https://t.co/BJzoJl5s9d,8/7/2020 22:58,16464,71776
1.29186E+18,"I will be doing a news conference on the ChinaVirus, the just announced very good economic numbers, and the improviâ€?https://t.co/2n5jMpNHWZ",8/7/2020 22:32,25148,125433
1.29186E+18,"...We will be having a conference call on Sunday with President Macron, leaders of Lebanon, and leaders from variouâ€?https://t.co/t9ac3UaBtt",8/7/2020 22:31,10092,56085
1.29186E+18,"...At 3pm this afternoon, spoke to President Aoun of Lebanon to inform him that 3 large aircraft are on the way, loâ€?https://t.co/4jiASkpElc",8/7/2020 22:31,12920,69884
1.29186E+18,"Had a lengthy discussion this morning with President Macron of France concerning numerous subjects, but in particulâ€?https://t.co/oUktjJz6B8",8/7/2020 22:31,15536,83272
1.29405E+18,.@DonYoungAK really produces for Alaska. He is an incredible Congressman who loves his State and works tirelessly fâ€?https://t.co/w6tMN6G6MP,8/13/2020 23:26,8810,32542
1.29405E+18,"...She will be a great Senator, and has my Complete and Total Endorsement! https://t.co/7yHPhxqQVS",8/13/2020 23:23,6160,27685
1.29405E+18,.@CynthiaMLummis is a friend of mine and a great woman. She is running for Senate in the very Special State of Wyomâ€?https://t.co/EpX04VBlQm,8/13/2020 23:23,15429,62620
1.29394E+18,The world will be laughing and taking full advantage of the United States if Joe Biden ever became President. Our Câ€?https://t.co/4KBSk94yLj,8/13/2020 15:50,32449,100251
1.29394E+18,"Great National Champions, thank you Coach O! https://t.co/XD2t79CUyq",8/13/2020 15:47,11674,56022
1.29392E+18,"HUGE breakthrough today! Historic Peace Agreement between our two GREAT friends, Israel and the United Arab Emirates!",8/13/2020 14:50,70195,328682
1.29392E+18,"Joint Statement of the United States, the State of Israel, and the United Arab Emirates https://t.co/oVyjLxf0jd",8/13/2020 14:50,35171,110128
1.29391E+18,"Drug companies, which are being forced by me to substantially reduce Drug Prices, are taking $millions in ads sayinâ€?https://t.co/SUW6ceslPA",8/13/2020 13:56,42332,155077
1.29387E+18,The Fake News Media is giving @KamalaHarris a free pass despite her Radical Left failures and very poor run in theâ€?https://t.co/HQWE1UiTes,8/13/2020 11:17,29769,120204
1.29386E+18,"Very poor morning TV ratings for MSDNCâ€™s Morning Joe, headed by a complete Psycho named Joe Scarborough and his ditâ€?https://t.co/VKPjnhBCbR",8/13/2020 10:44,24337,115564
1.29386E+18,I will be interviewed by @MariaBartiromo on @FoxBusiness this morning at 7:30. A.M. Enjoy!,8/13/2020 10:43,11090,66649
1.29362E+18,I am sending $15M from @USDOT to beautiful North Dakota! This federal funding will support bus service for people fâ€?https://t.co/KjJlilRc2S,8/12/2020 18:45,15624,79537
1.29362E+18,Congrats to Colorado who will be receiving $14.9M in federal infrastructure funds from @USDOT. Happy to support busâ€?https://t.co/QPyzzaDkd1,8/12/2020 18:45,12372,59355
1.29362E+18,Honored to send $25.9 MILLION in @USDOT funds to the great State of Texas to support bus infrastructure improvementâ€?https://t.co/XkjPDrD9xL,8/12/2020 18:44,13314,62817
1.29362E+18,Big news for Wisconsin! @USDOT is awarding $7.7M in federal infrastructure funds to support bus service for the peoâ€?https://t.co/WVSPa2jtHw,8/12/2020 18:44,10355,47410
1.29362E+18,Good news for Florida! Iâ€™m awarding $27.8M from @USDOT in federal infrastructure funds to five areas including Orlaâ€?https://t.co/8JHQ2bCWdj,8/12/2020 18:44,9663,42616
1.29362E+18,Georgia will be receiving $13M in federal infrastructure funds from @USDOT. BIG investment in bus facilities for peâ€?https://t.co/1hb1I2HMCL,8/12/2020 18:43,8018,36316
1.29362E+18,Big improvements in rural bus service will be on their way to Michigan! I am awarding $27.8M in federal funding thrâ€?https://t.co/WXPMeqjSwY,8/12/2020 18:43,8515,38888
1.29362E+18,"Sending $8.3M in @USDOT funding to North Carolina for bus and bus facility improvements in Asheville, Fayetteville,â€?https://t.co/bdXQfbmaRe",8/12/2020 18:43,9646,45229
1.29362E+18,New Hampshire will receive nearly $822K in @USDOT funds for bus service in the city of Nashua. Happy to supportâ€?https://t.co/EShU1Nq21D,8/12/2020 18:43,7298,33663
1.29362E+18,Congrats to Pennsylvania for receiving $11.5M in federal infrastructure funds from @USDOT. Huge investments in Hazlâ€?https://t.co/AW17XsEMJf,8/12/2020 18:43,9051,40619
1.29362E+18,BIG bucks heading to Illinois! $18.9M in federal infrastructure funds from @USDOT will be awarded toâ€?https://t.co/F9urXfsMVs,8/12/2020 18:43,6820,31573
1.29362E+18,$13.9M is heading to New Orleans in @USDOT funding for @NewOrleansRTA! Happy to support bus service and major fleetâ€?https://t.co/CLp9SxLKk8,8/12/2020 18:43,6925,32195
1.29362E+18,Iâ€™m awarding $14.7M in @USDOT funding to New Jersey to support bus infrastructure in @passaic_county. Helping makeâ€?https://t.co/cMpwoJh5dS,8/12/2020 18:42,7001,32737
1.29362E+18,Happy to send $18 MILLION in @USDOT funding to Utah to support their transit infrastructure and improve bus serviceâ€?https://t.co/0FVRrjs98l,8/12/2020 18:42,8050,37998
1.29362E+18,Bus investments are in the works for the people of Nebraska! Iâ€™m sending $13.6M from @USDOT in federal infrastructuâ€?https://t.co/S9l8krMOJS,8/12/2020 18:42,7690,37172
1.29362E+18,Happy to announce that @USDOT is providing $12.5M in federal infrastructure funds for bus improvements for the greaâ€?https://t.co/19ZaoT4eUJ,8/12/2020 18:42,7032,34172
1.29362E+18,"Big news, Oklahoma! Iâ€™m proud to support infrastructure in your state with $13.7 million from @USDOT for bus improvâ€?https://t.co/UV3B9dzEtI",8/12/2020 18:41,10251,48217
1.29359E+18,Congratulations to Andrew Clyde on a big win last night against a strong opponent in #GA09! An early supporter of oâ€?https://t.co/BIeaPXJ2Er,8/12/2020 16:34,15784,78910
1.29353E+18,Congratulations to future Republican Star Marjorie Taylor Greene on a big Congressional primary win in Georgia agaiâ€?https://t.co/HeClo8CD9g,8/12/2020 12:29,19124,91371
1.29352E+18,"Watched @billmaher last week for the first time in a long time. Heâ€™s totally SHOT, looks terrible, exhausted, gauntâ€?https://t.co/X9dvH3BUmF",8/12/2020 12:11,14057,64492
1.29352E+18,The â€œsuburban housewifeâ€?will be voting for me. They want safety &amp; are thrilled that I ended the long running progrâ€?https://t.co/N1v3RixESK,8/12/2020 11:59,28356,124494
1.29351E+18,"96% Approval Rating in the Republican Party. Thank you! Also, leading in most swing states!",8/12/2020 11:44,40707,255498
1.29351E+18,".@KamalaHarris started strong in the Democrat Primaries, and finished weak, ultimately fleeing the race with almostâ€?https://t.co/UCqec4o4ot",8/12/2020 11:33,32504,160961
1.29334E+18,"Sad to see the damage from the derecho in Midwest. 112 mile per hour winds in Midway, Iowa! The Federal governmentâ€?https://t.co/q7LPrlanhB",8/11/2020 23:56,21624,120227
1.29334E+18,"Thank you to Sheriff Gonzales of Bernalillo County, New Mexico, for joining my call with our Nationâ€™s sheriffs. Appâ€?https://t.co/aYFcZBWVgq",8/11/2020 23:55,15793,60846
1.29331E+18,Will be interviewed tonight on @seanhannity at 9:00 P.M. @FoxNews,8/11/2020 22:31,15866,87396
1.29316E+18,Big Stock Market Numbers!,8/11/2020 12:34,31461,212767
1.29316E+18,"More Testing, which is a good thing (we have the most in the world), equals more Cases, which is Fake News Gold. Thâ€?https://t.co/TzKaLbRAK4",8/11/2020 12:33,25642,123065
1.29315E+18,..so called American Intelligence were Dirty Cops who have now proven to be sleazebags at the highest level like Jaâ€?https://t.co/HT0byBeq9m,8/11/2020 11:45,23877,104908
1.29315E+18,"John Bolton, one of the dumbest people Iâ€™ve met in government and sadly, Iâ€™ve met plenty, states often that I respeâ€?https://t.co/ZAXKwnAZH8",8/11/2020 11:45,25562,113029
1.29314E+18,....went on at the White House during some extremely interesting and important times. So many good stories by someoâ€?https://t.co/c2IZEZRMZy,8/11/2020 11:06,11442,55604
1.29314E+18,"Great new book by former Director of Oval Office Operations, Madeleine Westerhout, entitled â€œOff the Recordâ€? Whenâ€?https://t.co/UczxcUVAGQ",8/11/2020 11:06,17945,81207
1.29291E+18,White House News Conference today at 5:30 P.M. Enjoy!,8/10/2020 19:38,17618,105097
1.29289E+18,Play College Football!,8/10/2020 18:13,57856,333206
1.29288E+18,...Jason worked with me to save Minneapolis along with your great National Guard after your local political leadersâ€?https://t.co/4kBTJcP97G,8/10/2020 17:49,5971,23602
1.29288E+18,Jason Lewis (@LewisForMN) will be an incredible Senator for the State of Minnesota! He is a proven leader who willâ€?https://t.co/cRfXWgwuVq,8/10/2020 17:49,11422,46113
1.29288E+18,"My friend, Congressman @TomEmmer, is doing a tremendous job for the people of Minnesota! He strongly supports our bâ€?https://t.co/BYQN1PcJM7",8/10/2020 17:46,6892,26027
1.29288E+18,Congressman @PeteStauber fights for the hard-working people of Northeastern Minnesota! A former professional hockeyâ€?https://t.co/b7bgLwmVq1,8/10/2020 17:46,7023,25797
1.29288E+18,"Congressman Jim Hagedorn (@JimHagedornMN) is an incredible advocate for Minnesota! He fights for our Farmers, Vetsâ€?https://t.co/bJmYgGNnni",8/10/2020 17:45,6381,24150
1.29288E+18,"Congratulations on your big primary win, Governor @MikeParson! You have my Complete and Total Endorsement! #MOGOV https://t.co/2Ve5jix3hS",8/10/2020 17:45,7061,29327
1.29288E+18,Vote for Michelle â€?a real winner! #MN07 https://t.co/gViVuUwIRj,8/10/2020 17:44,8714,33381
1.29288E+18,CONGRATS to General Dynamicâ€™s Bath Iron Works &amp; Local S6 on reaching a tentative agreement after the long strike. Gâ€?https://t.co/nYzdHvLBlU,8/10/2020 17:38,8391,34374
1.29287E+18,The student-athletes have been working too hard for their season to be cancelled. #WeWantToPlay https://t.co/lI3CCKZ4ID,8/10/2020 17:20,34688,139972
1.29287E+18,"We have narrowed the Presidential Nomination Acceptance Speech, to be delivered on the final night of the Conventioâ€?https://t.co/x420psrhKQ",8/10/2020 17:15,26106,119176
1.29284E+18,Thank you to Senator Bill Cassidy of Louisiana for his very smart words on the just signed Executive Orders!,8/10/2020 15:00,15491,78057
1.29284E+18,"Portland, which is out of control, should finally, after almost 3 months, bring in the National Guard. The Mayor anâ€?https://t.co/d1fGkEH9pH",8/10/2020 14:55,30032,116216
1.29283E+18,"RINO Ben Sasse, who needed my support and endorsement in order to get the Republican nomination for Senate from theâ€?https://t.co/orbK8ocy9T",8/10/2020 14:39,22631,82519
1.29281E+18,"So now Schumer and Pelosi want to meet to make a deal. Amazing how it all works, isnâ€™t it. Where have they been forâ€?https://t.co/IWuZ6RurKN",8/10/2020 13:10,54654,232364
1.29264E+18,".@Scaramucci, who just made a fool of himself as he got taken apart by @SteveHiltonx, only lasted 11 days in his faâ€?https://t.co/vGWx1yCXE6",8/10/2020 1:45,24905,111183
1.29263E+18,"This is Fake News by the failing @nytimes &amp; bad ratings @CNN. Never suggested it although, based on all of the manyâ€?https://t.co/CbzZwUBDNU",8/10/2020 1:07,30468,120817
1.29219E+18,Major News Conference in Ten Minutes!,8/8/2020 20:05,22116,166936
1.29218E+18,Sleepy Joe Biden just agreed with the Radical Left Democrats to raise Taxes by Three Trillion Dollars. Everyone wilâ€?https://t.co/y5YVZ4zBLh,8/8/2020 19:28,45307,165368
1.29665E+18,"In 47 years, Joe did none of the things of which he now speaks. He will never change, just words!",8/21/2020 3:09,60560,288706
1.29664E+18,96% Approval Rating in the Republican Party. 51% Approval Rating overall in the Rasmussen Poll. Thank you!,8/21/2020 2:40,31552,177478
1.29664E+18,"After the worst debate performance in the history of politics, Michael Bloomberg, commonly known as Mini Mike, is tâ€?https://t.co/uiYLlvdZmk",8/21/2020 2:31,20350,100617
1.29661E+18,Will be interviewed by @seanhannity tonight at 9:00 P.M. Enjoy!  @FoxNews,8/21/2020 0:51,11054,67763
1.29661E+18,"To get into the Democrat National Convention, you must have an ID card with a picture...Yet the Democrats refuse toâ€?https://t.co/ztSU9OynpX",8/21/2020 0:42,70503,247112
1.2966E+18,"They are sending out 51,000,000 Ballots to people who havenâ€™t even requested a Ballot. Many of those people donâ€™t eâ€?https://t.co/YeJ4g93wgV",8/21/2020 0:15,55104,189581
1.2966E+18,The Democrats are demanding Mail-In Ballots because the enthusiasm meter for Slow Joe Biden is the lowest in recordâ€?https://t.co/3hQLoUKdpy,8/20/2020 23:57,28005,102217
1.29659E+18,AMERICA FIRST! #MAGA https://t.co/Zt3I9RvMjX,8/20/2020 23:30,40057,113559
1.29659E+18,"I STAND FOR LAW AND ORDER AND I TOOK ACTION! Operation LeGend has led to the arrest of over 1,000 criminals, includâ€?https://t.co/84AA2VDAyw",8/20/2020 23:28,35863,137430
1.29658E+18,THANK YOU PENNSYLVANIA! #MAGA https://t.co/5BfdRyDD6a,8/20/2020 22:46,31276,123780
1.29656E+18,"MAKE AMERICA GREAT AGAIN!
https://t.co/ZcvCqqitui",8/20/2020 21:32,21202,81664
1.2965E+18,THANK YOU! #MAGA https://t.co/ZaN6exaryD,8/20/2020 17:27,14957,53190
1.2965E+18,THANK YOU! #MAGA https://t.co/2iE2T0ZVwD,8/20/2020 17:21,21864,72089
1.29647E+18,THANK YOU DONNA! #MAGA https://t.co/egyshW7bOk,8/20/2020 15:37,21823,76278
1.29646E+18,THANK YOU! #MAGA https://t.co/kgLSsAgZmR,8/20/2020 14:56,35480,172971
1.29642E+18,Thank you so much! https://t.co/ZERpdwUumf,8/20/2020 11:55,18551,69039
1.29642E+18,They would own our Country! https://t.co/ii8ZUttL9D,8/20/2020 11:53,26121,81910
1.29641E+18,"Itâ€™s never a real Twitter Trending. Itâ€™s Twitter Executiveâ€™s Choice. Only negative on Republican voices, especially mine!",8/20/2020 11:52,38936,185336
1.29641E+18,"Sarah is correct. McCain was a lousy candidate with lots of bad policy, but the â€œdeadheadsâ€?sabotaged his campaignâ€?https://t.co/cOsWKaLlzm",8/20/2020 11:46,12910,46440
1.29631E+18,My great honor!!! https://t.co/kh2a5yumef,8/20/2020 4:38,26239,94207
1.29629E+18,BUT DIDNâ€™T SHE CALL HIM A RACIST??? DIDNâ€™T SHE SAY HE WAS INCOMPETENT???,8/20/2020 3:17,45026,248513
1.29628E+18,"WHY DID HE REFUSE TO ENDORSE SLOW JOE UNTIL IT WAS ALL OVER, AND EVEN THEN WAS VERY LATE? WHY DID HE TRY TO GET HIM NOT TO RUN?",8/20/2020 2:40,33942,165081
1.29627E+18,"HE SPIED ON MY CAMPAIGN, AND GOT CAUGHT!",8/20/2020 2:33,61695,298260
1.29626E+18,â€œI live in New York. Even the most Liberal friends that I have are thinking twice about voting Democrat this time bâ€?https://t.co/NO8dD34iq3,8/20/2020 1:26,27344,111603
1.29622E+18,"Welcome, Barack and Crooked Hillary. See you on the field of battle! https://t.co/ZrTKXcc6aU",8/19/2020 22:54,75546,208681
1.2962E+18,Will be having a Press Conference at 5:45 P.M. See you in 15 minutes!,8/19/2020 21:33,12894,98908
1.2961E+18,"Why are Republicans allowing the Democrats to have ridiculous Post Office hearings on Saturday &amp; Monday, just beforâ€?https://t.co/FiPObqD0jL",8/19/2020 15:20,32565,117473
1.29609E+18,Donâ€™t buy GOODYEAR TIRES - They announced a BAN ON MAGA HATS. Get better tires for far less! (This is what the Radiâ€?https://t.co/ocuxEaJWvC,8/19/2020 14:33,83409,302707
1.29608E+18,"With what I am doing in the fight with the Drug Companies, drug prices will be coming down 50, 60, and even 70 perâ€?https://t.co/qJGKcafcoi",8/19/2020 14:00,37686,142238
1.29608E+18,"IF YOU CAN PROTEST IN PERSON, YOU CAN VOTE IN PERSON!",8/19/2020 13:38,136044,592695
1.29594E+18,â€œSenate Intelligence Panel found absolutely no evidence of collusion. There was no evidence that the Trump campaignâ€?https://t.co/zvwFntUNe0,8/19/2020 4:40,27397,112091
1.29594E+18,Big win Matt! https://t.co/gpIg4dQ6FN,8/19/2020 4:32,13867,64075
1.29593E+18,She was a terrible A.G. Was she the leaker? https://t.co/uSlFYYU9O0,8/19/2020 3:58,17282,60014
1.29593E+18,Great going Laura. You have a great chance against a Pelosi puppet! https://t.co/pKZp35dUYr,8/19/2020 3:54,19244,70588
1.29593E+18,"Kimberly will work with the Trump Administration and we will bring Baltimore back, and fast. Donâ€™t blow it Baltimorâ€?https://t.co/kICsJ1tRRT",8/19/2020 3:49,42863,150665
1.29592E+18,"Great WIN Anna! Watched your race from beginning, very impressed. Your next opponent, Charlie Crist, is a Pelosi puâ€?https://t.co/1Z1PAxWSzN",8/19/2020 3:07,20861,83180
1.2959E+18,Tell the Dems that we have more Cases because we do FAR more Testing than any other Country!,8/19/2020 1:35,28487,172623
1.29586E+18,".@Amazon, and others in that business, should be charged (by the U.S. Postal System) much more per package, and theâ€?https://t.co/LRVa2zvKic",8/18/2020 22:49,25536,105293
1.29579E+18,"...Meanwhile, I gave America energy independence in fact, so much energy we could never use it all. The Bernie/Bideâ€?https://t.co/L6f75xv2n1",8/18/2020 18:38,18086,67960
1.29579E+18,"In California, Democrats have intentionally implemented rolling blackouts â€?forcing Americans in the dark. Democratâ€?https://t.co/m8MNwd354W",8/18/2020 18:38,30796,111178
1.29578E+18,"The Democrats have to start enforcing Law and Order in their cities and states. New York City, Chicago and Portland are a total DISASTER!",8/18/2020 17:38,33593,150590
1.29574E+18,People forget how divided our Country was under ObamaBiden. The anger and hatred were unbelievable. They shouldnâ€™tâ€?https://t.co/TvSak5AbIg,8/18/2020 15:27,49765,233214
1.29573E+18,"A horrible Governor. Crime is taking over NYC &amp; State, everyone is leaving. He is after the NRA - They should moveâ€?https://t.co/PTGlsDRPCi",8/18/2020 14:18,26456,79579
1.2957E+18,"John Kasich did a bad job in Ohio, ran for President and was easy to beat, and now went to the other side desperateâ€?https://t.co/ErWmASyd9Y",8/18/2020 12:42,17434,65585
1.2957E+18,"Many thousands of people work for our government. With that said, a former DISGRUNTLED EMPLOYEE named Miles Taylor,â€?https://t.co/iI55Vkw3ro",8/18/2020 12:30,17583,78261
1.29568E+18,"The ObamaBiden Administration was the most corrupt in history, including the fact that they got caught SPYING ON MYâ€?https://t.co/qAczirfdQP",8/18/2020 11:16,43971,160513
1.29568E+18,"Looking back into history, the response by the ObamaBiden team to the H1N1 Swine Flu was considered a weak and pathâ€?https://t.co/HmpfQN0SmS",8/18/2020 11:10,34928,144861
1.29568E+18,"....My Administration and I built the greatest economy in history, of any country, turned it off, saved millions ofâ€?https://t.co/q4WejXpuWU",8/18/2020 11:00,23482,105403
1.29568E+18,"Somebody please explain to @MichelleObama that Donald J. Trump would not be here, in the beautiful White House, ifâ€?https://t.co/xS9fozPjA7",8/18/2020 11:00,39992,164433
1.29557E+18,Thank you. Will never let you down! https://t.co/9iB33QFliK,8/18/2020 3:54,21611,91751
1.29556E+18,"Now AP estimates that the real Cuomo number of people killed because of his total incompetence is 11,000, not the 6â€?https://t.co/zcJgYQpWhG",8/18/2020 3:26,38046,122620
1.29556E+18,"Cuomo, just like his brother Fredo, has not got a very good memory! https://t.co/H8J0RjNlvb",8/18/2020 3:07,18790,58508
1.29555E+18,A proposal by Pentagon officials to slash Military Healthcare by $2.2 billion dollars has been firmly and totally râ€?https://t.co/kMPOaTGGRA,8/18/2020 2:30,43721,177913
1.29551E+18,She was fired because she was boring and never had what it took. Perhaps that has proven to be a mistake! https://t.co/48ieqGcHt2,8/17/2020 23:45,8025,35151
1.2955E+18,Why would @FoxNews put on phony Congresswoman @RepDebDingell. A total waste of airtime!,8/17/2020 23:37,15846,82245
1.29546E+18,NEW RECORD FOR NASDAQ!,8/17/2020 20:50,24437,144040
1.29545E+18,SAVE THE POST OFFICE!,8/17/2020 20:18,35729,242360
1.29545E+18,"Why is Congress scheduled to meet (on Post Office) next Monday, during the Republican Convention, rather than now,â€?https://t.co/eP5IPYKRTJ",8/17/2020 20:15,30869,110402
1.29545E+18,Great division between the Bernie Sanders crowd and the other Radical Lefties. Our Country would be destroyed!,8/17/2020 20:07,16918,79688
1.29543E+18,"Just landed in Mankato, Minnesota!",8/17/2020 18:37,16718,140039
1.29543E+18,Just approved (and fast) the FULL Emergency Declaration for the Great State of Iowa. They got hit hard by record seâ€?https://t.co/gOLMv87313,8/17/2020 18:33,12642,60036
1.29541E+18,Whatâ€™s with @CNN POLLS increasing me by 10 points in a short period of time. Maybe they want to take over from @FoxNews!,8/17/2020 17:09,18103,92450
1.29541E+18,Getting ready to land in Minneapolis. Our great National Guard saved the city from further destruction. Should haveâ€?https://t.co/smO98Y4grj,8/17/2020 17:09,15536,80695
1.2954E+18,The U.S. Post Office (System) has been failing for many decades. We simply want to MAKE THE POST OFFICE GREAT AGAINâ€?https://t.co/Pq5EmcVRGx,8/17/2020 16:28,23180,91553
1.29539E+18,Some states use â€œdrop boxesâ€?for the collection of Universal Mail-In Ballots. So who is going to â€œcollectâ€?the Ballâ€?https://t.co/CUG1YS4U4v,8/17/2020 15:40,33722,129050
1.29532E+18,Will be interviewed on @foxandfriends this morning at 8:00 A.M. Enjoy!,8/17/2020 11:25,13884,99200
1.29517E+18,Great going Jim. Proud of you! https://t.co/jaJBVm1TlR,8/17/2020 1:14,7814,46894
1.29517E+18,"Law and Order. If @NYCMayor canâ€™t do it, we will! https://t.co/N88GX9Rkc9",8/17/2020 1:06,29308,110742
1.29507E+18,Thank you Franklin! https://t.co/ZwpwcS2k2B,8/16/2020 18:38,13517,79747
1.29507E+18,Thank you James! https://t.co/cKiKlAXHqI,8/16/2020 18:37,16337,108625
1.29507E+18,"â€œIf carefully done, according to the guidelines, there is no reason why you shouldnâ€™t be able to do that (vote at pâ€?https://t.co/z7nVY1zNNv",8/16/2020 18:31,52070,212969
1.29505E+18,.@FoxNews is not watchable during weekend afternoons. It is worse than Fake News @CNN. I strongly suggest turning yâ€?https://t.co/cEcCj55kie,8/16/2020 17:31,39884,159182
1.29473E+18,Voter Scam! https://t.co/BY6SEJfUZh,8/15/2020 20:25,16954,47688
1.29473E+18,"The honorable thing to do is drop the Mail-In Scam before it is too late! Absentee Ballots, like they have in Floriâ€?https://t.co/45MI65AOly",8/15/2020 20:24,15857,49338
1.29473E+18,News Conference at 5:30 P.M. Enjoy!,8/15/2020 20:21,16253,113356
1.29473E+18,"If Obama did this, they would speak of nothing else. Biden could NEVER do it! https://t.co/1djK42xawI",8/15/2020 20:12,26375,98735
1.29473E+18,Thank you! https://t.co/MmjxbNStq1,8/15/2020 20:09,8806,40036
1.29473E+18,Would be terrible for our Country! https://t.co/aVifiIjXXe,8/15/2020 20:09,7262,26469
1.29473E+18,More Fake News! https://t.co/8P2Kax00s7,8/15/2020 20:06,7466,30008
1.29473E+18,Fake News! https://t.co/OedkKwkcd0,8/15/2020 20:05,9138,35839
1.29466E+18,"Great work by the Governors of AZ, IA, LA, and NM (@DougDucey @IAGovernor @LouisianaGov &amp; @GovMLG) who responded toâ€?https://t.co/wt87WGtae9",8/15/2020 15:35,18790,78837
1.29461E+18,"So true, but we wonâ€™t let that happen! https://t.co/0SzrbxyZrC",8/15/2020 12:32,26213,90755
1.2946E+18,The Democrats know the 2020 Election will be a fraudulent mess. Will maybe never know who won! https://t.co/tEWKJ5NcUj,8/15/2020 11:46,18924,61231
1.2946E+18,So terrible! https://t.co/dROsgW9bbl,8/15/2020 11:40,13080,46531
1.2946E+18,"Very strange. Sleepy Joe never takes questions. Also, his reporters have zero drive. Why canâ€™t my reporters behaveâ€?https://t.co/uWWRLFp6iQ",8/15/2020 11:35,46067,156058
1.2946E+18,Thank you to the great Pat Lynch &amp; the @NYCPBA. I will never let you down! https://t.co/XUKy2bQ70a,8/15/2020 11:24,11430,43527
1.29449E+18,We will bring safety to our cities. We will bring hope to our most distressed communities â€?and in everything we doâ€?https://t.co/o7IYxZPnbe,8/15/2020 4:14,18177,70389
1.29448E+18,"Today, it was my great honor to proudly accept the endorsement of the @NYCPBA! I have deeply and profoundly admiredâ€?https://t.co/KZDgtY5MBS",8/15/2020 3:59,23110,89416
1.29442E+18,"...Steve Bullock is totally against your Second Amendment and just received an F rating from the @NRA. Steve, on thâ€?https://t.co/rIWsWQCHPj",8/14/2020 23:43,7564,28141
1.29442E+18,Senator @SteveDaines is doing a tremendous job for the people of Montana! He just helped me pass the Great Americanâ€?https://t.co/oTD8jtJQ3W,8/14/2020 23:43,13438,56387
1.29442E+18,"Senator @CoryGardner is doing a terrific job - we just passed his landmark legislation, the Great American Outdoorsâ€?https://t.co/BokYGge9ZW",8/14/2020 23:41,8800,34386
1.2944E+18,"The biggest difference between the Presidential Race in 2020 and that of 2016 is the 2016 candidate, Crooked Hillarâ€?https://t.co/OtlBwN35Ia",8/14/2020 22:29,27619,119273
1.2944E+18,"I promised YOU I would not take a dime of salary as your President. I donate the entire $400,000! It is my honor toâ€?https://t.co/PjcXCYm6Vc",8/14/2020 22:15,65070,269110
1.29439E+18,"Going up the East River Drive, and fast. THANK YOU NYPD! On November 3rd weâ€™re bringing you back! #LESM #MAGA https://t.co/dDHbO1f3yI",8/14/2020 21:41,19588,74919
1.29436E+18,"Just landed in New York to see my brother, Robert. Weâ€™re going for New York on November 3rd. Weâ€™re going to Reduceâ€?https://t.co/abNSysGLQF",8/14/2020 20:05,23035,87857
1.29435E+18,I am ready to send Rental Assistance payments to hardworking Americans that have been hurt by the ChinaVirus. DEMOCRATS ARE HOLDING THIS UP!,8/14/2020 19:02,35302,144669
1.29435E+18,I am ready to send $105B to the states to help open schools safely with additional PPE. DEMOCRATS ARE HOLDING THIS UP!,8/14/2020 18:55,31918,131095
1.29435E+18,Great News! https://t.co/eMTwXslvQX,8/14/2020 18:49,9708,36798
1.29431E+18,"I am ready to send more money to States and Local governments to save jobs for Police, Fire Fighters, First Respondâ€?https://t.co/wuqPqpge2p",8/14/2020 16:26,33086,132820
1.29431E+18,I am ready to have @USTreasury and @SBA send additional PPP payments to small businesses that have been hurt by theâ€?https://t.co/2SUz3YQano,8/14/2020 16:25,18332,62967
1.29431E+18,"I have directed @stevenmnuchin1 to get ready to send direct payments ($3,400 for family of four) to all Americans.â€?https://t.co/maMFbxxHJY",8/14/2020 16:23,37401,130873
1.29431E+18,...Congress should send me H.R.473 ASAP and make this happen! It will INSPIRE all women to continue being bold andâ€?https://t.co/QtyUpxlHL6,8/14/2020 16:20,11530,58644
1.29431E+18,I have done more for WOMEN than just about any President in HISTORY! As we celebrate the 100th Anniversary of womenâ€?https://t.co/3uuuRMFZZi,8/14/2020 16:20,35698,172454
1.29431E+18,"...The Bob Woodward book will be a FAKE, as always, just as many of the others have been. But, believe it or not, lâ€?https://t.co/YiPe4zoeTb",8/14/2020 16:17,7338,33491
1.29431E+18,"Everybody does phony books on Donald Trump and Republicans, just like the Fake Dossier, which turned out to be a toâ€?https://t.co/bRUQsMwa3Y",8/14/2020 16:17,14765,59405
1.29427E+18,Vote for TRUMP on November 3rd. I am going to bring our beloved New York back! https://t.co/Xi7yQ45jvy,8/14/2020 13:52,37172,138495
1.29427E+18,Fake News will never change! https://t.co/AMX2jzMoXJ,8/14/2020 13:45,11689,39953
1.29426E+18,"Today, we honor the brave Native American/First Nations soldiers who served our Nation and played a vital role in Aâ€?https://t.co/5G83IVx6ZV",8/14/2020 13:29,30240,130012
1.29424E+18,Thank you Debbie! https://t.co/Mjvp1zQATH,8/14/2020 11:45,8303,47865
1.29424E+18,Thank you! https://t.co/62wJYhQtSL,8/14/2020 11:41,7967,37403
1.29424E+18,"It was showing signs of future problems, but was so good when I left 4 years ago! https://t.co/uF9T3ztMDd",8/14/2020 11:33,10402,40352
1.29424E+18,"Thank you James. Sadly, you are 100% correct!!! https://t.co/tk9k4SJxTa",8/14/2020 11:31,74148,267755
1.2999E+18,U.S. planning to cut military presence in Iraq - https://t.co/d1MGNQ2QsA,8/30/2020 2:38,11158,51300
1.29989E+18,"The thugs who accosted Senator @RandPaul and his wonderful wife, Kelly, together with those who made threats to manâ€?https://t.co/evjGrOikJl",8/30/2020 2:15,26709,103662
1.29988E+18,"Just returned to Washington from Louisiana &amp; Texas, after tours and discussions concerning Hurricane Laura. Thank yâ€?https://t.co/nenncarct1",8/30/2020 1:17,16127,86347
1.29988E+18,"Probably Shifty Schiff, but others also, LEAK information to the Fake News. No matter what or who it is about, inclâ€?https://t.co/WnNwapl42g",8/30/2020 1:05,11742,37300
1.29985E+18,Watch Mark Levin NOW on @FoxNews. Topic: Mail-In Voting!,8/29/2020 23:04,11554,54213
1.29975E+18,Trump Lands Major Endorsements From Democrat Mayors in Minnesota  https://t.co/ZmZgqwlimn Thank you so much. I will never let you down!,8/29/2020 16:50,19512,66719
1.29975E+18,....New Hampshire - and the big crowds - was great last night. Thank you! Heading now for Louisiana &amp; Texas to checâ€?https://t.co/W6SOqslPFW,8/29/2020 16:46,11638,55886
1.29975E+18,"Now that Bidenâ€™s Polls are dropping fast, he has agreed to get out of his basement and start campaignin,â€œin ten dayâ€?https://t.co/mwR5XCD6Hi",8/29/2020 16:46,32907,144762
1.29973E+18,"..Even whether itâ€™s dumb warmongers like John Bolton, social pretenders like Bob Woodward, who never has anything gâ€?https://t.co/WTSjGyCKYE",8/29/2020 15:35,9719,44694
1.29973E+18,About the only way a person is able to write a book on me is if they agree that it will contain as much bad â€œstuffâ€â€?https://t.co/20OrvNZgtK,8/29/2020 15:35,17363,78149
1.29969E+18,"I saved the Iron Range from the Obama Closure. We opened it up again, proudly. Also sent the National Guard the Minâ€?https://t.co/bfEy6am4Dz",8/29/2020 12:39,14004,50400
1.29969E+18,Steve has my Complete and Total support. HE IS GREAT! https://t.co/Mbnp96Lu0x,8/29/2020 12:33,8593,31698
1.29969E+18,Texas loves John! https://t.co/bkIBpvUKCP,8/29/2020 12:31,7157,28711
1.29969E+18,Esther is GREAT! https://t.co/ByRs6psFO1,8/29/2020 12:28,9727,36592
1.29968E+18,Dan has my Complete and Total Endorsement. We need Dan in Washington! https://t.co/yWCD1ALgpY,8/29/2020 12:26,7337,27768
1.29968E+18,Bill is GREAT! https://t.co/GUKijatlaZ,8/29/2020 12:23,5771,23650
1.29968E+18,Another Democrat run city. They are a real mess! https://t.co/i8Iu4h0TXp,8/29/2020 12:17,10138,37940
1.29968E+18,The Fake News doesnâ€™t want to report these numbers. The @latimes and others believed the Crooked Dems before the reâ€?https://t.co/EEg8ep1lQR,8/29/2020 12:13,10447,34147
1.29968E+18,"Great crowd, great people! https://t.co/ugL8yuvPrF",8/29/2020 12:05,13303,59811
1.29968E+18,Thank you! https://t.co/4ciDcO151e,8/29/2020 12:03,7618,34555
1.29968E+18,"My Campaign, despite all of the Fake News, Fake Books, and pathetic reporting written about me and it, has more spiâ€?https://t.co/IUgemaZP4T",8/29/2020 12:01,23298,116172
1.29968E+18,"Wow! Despite the Democrats views across TV and online lie (Con!), we had 147.9 million, the Republican National Conâ€?https://t.co/xkJjDJYM9I",8/29/2020 11:53,28509,117515
1.29967E+18,The Democrats see chaos as their way while President Trump sees the Rule of Law. Mayor @kenblackwell Thank you Ken!,8/29/2020 11:40,14009,68873
1.29958E+18,"Kenosha has been very quiet for the third night in a row or, since the National Guard has shown up. Thatâ€™s the wayâ€?https://t.co/A8xSioG1jT",8/29/2020 5:11,25603,115018
1.29956E+18,Disgraceful that Big Ten is not playing football. Let them PLAY!,8/29/2020 4:19,26701,183420
1.29956E+18,How does the Fake News not include Online Streaming Numbers where Republicans blow the Dem Numbers away?,8/29/2020 4:14,26185,134521
1.29956E+18,"Great total numbers for the Republican National Convention. Blows Democrat National Convention away. Also, much bigger fund raising numbers!",8/29/2020 4:07,19004,100125
1.29952E+18,"If the incompetent Mayor of Portland, Ted Wheeler, doesnâ€™t get control of his city and stop the Anarchists, Agitatoâ€?https://t.co/ZR5rjAet0t",8/29/2020 1:33,32869,142095
1.29952E+18,"Leading in Michigan, leading in Minnesota, leading all over. Sorry! https://t.co/VPgviJjKfk",8/29/2020 1:24,18846,80463
1.2995E+18,"THANK YOU NEW HAMPSHIRE! 
https://t.co/mUFKbq79Yu",8/29/2020 0:29,13159,54976
1.29947E+18,Landing in New Hampshire!,8/28/2020 22:19,11670,91876
1.29947E+18,"No, I want Big Ten, and all other football, back - NOW. The Dems donâ€™t want football back, for political reasons, bâ€?https://t.co/ca5dCiq677",8/28/2020 22:17,35373,157151
1.29945E+18,Heading to New Hampshire!,8/28/2020 21:02,17366,143827
1.29943E+18,Thank you! #MAGA https://t.co/uuay66U5oI,8/28/2020 19:34,15259,61608
1.29939E+18,"Success: Since the National Guard moved into Kenosha, Wisconsin, two days ago, there has been NO FURTHER VIOLENCE,â€?https://t.co/eN6IGHuEA1",8/28/2020 17:01,49981,203965
1.29935E+18,Great Ratings &amp; Reviews Last Night. Thank you!,8/28/2020 13:56,31832,227906
1.29913E+18,Democrats Hate that I called for Big Pharma to match the lowest prescription drug prices in the World by using a FAâ€?https://t.co/jcpdRBzYQT,8/27/2020 23:54,36056,166297
1.29912E+18,"Democrats and Biden didnâ€™t even mention the Anarchists, Agitators, Looters and so called â€œPeaceful Protestersâ€?at tâ€?https://t.co/aJUzy1QcsM",8/27/2020 23:18,31753,126764
1.29912E+18,"The Ten Most Dangerous Cities in the U.S. are ALL run by Democrats, and this has gone on for DECADES!",8/27/2020 23:07,67121,286245
1.29867E+18,"...TODAY, I will be sending federal law enforcement and the National Guard to Kenosha, WI to restore LAW and ORDER!",8/26/2020 17:19,37924,185235
1.29867E+18,"We will NOT stand for looting, arson, violence, and lawlessness on American streets. My team just got off the phoneâ€?https://t.co/cOfgqN5Tor",8/26/2020 17:19,61396,296941
1.29866E+18,Hurricane Laura is a very dangerous and rapidly intensifying hurricane. My Administration remains fully engaged witâ€?https://t.co/Zw8DWBoF6r,8/26/2020 16:17,18773,85183
1.29864E+18,Just In: Chinese State Media and Leaders of CHINA want Biden to win â€œthe U.S. Electionâ€?  If this happened (which iâ€?https://t.co/50Q7zRqG72,8/26/2020 15:05,52941,211191
1.29841E+18,"Governor should call in the National Guard in Wisconsin. It is ready, willing, and more than able. End problem FAST!",8/26/2020 0:16,36411,193811
1.2984E+18,80 Million Unsolicited Ballots are impossible for election centers to tabulate accurately. The Democrats know thisâ€?https://t.co/JX1p9R080v,8/25/2020 23:37,34659,130350
1.29831E+18,...They must stop calling these anarchists and agitators â€œpeaceful protestorsâ€? Come back into the real world! Theâ€?https://t.co/Mqr6GeMUQp,8/25/2020 17:14,20040,78985
1.29831E+18,"We again request Kate Brown (@OregonGovBrown), the Governor of Oregon, and Mayor @TedWheeler of Portland, to call uâ€?https://t.co/r7cHepWssm",8/25/2020 17:14,26053,98051
1.2983E+18,I am pleased to inform the American Public that Acting Secretary Chad Wolf will be nominated to be the Secretary ofâ€?https://t.co/UShbsWgGwK,8/25/2020 16:30,25782,134203
1.29828E+18,"...More JOBS from Eastport, Cutler, &amp; Jonesport to Stonington, Friendship, and Casco Bay. I am proud to help the great people of Maine!",8/25/2020 15:39,11788,60075
1.29828E+18,Beautiful Maine Lobsters will now move tariff-free to Europe! For first time in many years. GREAT new deal by USTRâ€?https://t.co/F5nDbFMMX6,8/25/2020 15:39,25511,120336
1.29826E+18,For our Country to be sending 80 million UNSOLICITED BALLOTS is very unfair and a roadmap to disaster. Even recentâ€?https://t.co/MpUNdOGfud,8/25/2020 13:49,30872,112138
1.29824E+18,Very appreciative that @CNN covered the vast majority of the Republican Convention last night. That was really goodâ€?https://t.co/s1MjsyqsZY,8/25/2020 12:29,35856,229477
1.29811E+18,THANK YOU #RNC2020! https://t.co/SQXxesAU0i,8/25/2020 3:58,18674,69107
1.29808E+18,Thank you to @CardinalDolan for this evenings opening prayer. https://t.co/3d5oGqd4Pu,8/25/2020 2:05,10471,39411
1.29807E+18,"PROMISES MADE, PROMISES KEPT! 
https://t.co/Z7SP1ymBfT",8/25/2020 1:30,26784,86413
1.29803E+18,Joe Biden has said he would lock down the Country again. Thatâ€™s crazy! Weâ€™re having record job growth and a boomingâ€?https://t.co/OgwWPGfwXy,8/24/2020 22:49,48046,241529
1.29803E+18,"Exclusive: Eyewitness Says as Many as 20,000 Unverified Absentee Ballots Counted in Detroit Primaryâ€?https://t.co/njaFwoxInv",8/24/2020 22:42,29102,60099
1.29797E+18,GOD BLESS THE USA! https://t.co/353UXMHgKM,8/24/2020 18:34,31027,125519
1.29792E+18,All the Radical Left Democrats are trying to do with the Post Office hearings is blame the Republicans for the FRAUâ€?https://t.co/BdFG3Udsys,8/24/2020 15:45,31655,117615
1.29792E+18,Incredible that @CNN &amp; MSDNC arenâ€™t covering the Roll Call of States. Fake News! This is what the Republican Partyâ€?https://t.co/TA398AJVp3,8/24/2020 15:25,29595,118356
1.29772E+18,Continued... https://t.co/HNNyF3B5NM,8/24/2020 2:00,18050,46344
1.29772E+18,"Please watch highly respected Dr. Harvey Risch of Yale, on Hydroxychloroquine. https://t.co/WxaeZIp74l",8/24/2020 1:59,53584,124414
1.29771E+18,The greatest Election Fraud in our history is about to happen. This may top the Democrats illegally spying on my caâ€?https://t.co/iUocG5oVGF,8/24/2020 1:23,35772,95073
1.29769E+18,"Watch Mark Levin, on air now. Great! @FoxNews",8/24/2020 0:02,16701,105111
1.29761E+18,"Actually, I think Iâ€™m leading in the Polls!  @FoxNews @OANN",8/23/2020 18:45,30437,179187
1.2976E+18,"Chris Wallace â€œforgotâ€?to ask a very weak and pathetic Schumer puppet, Senator Chrisie Coons, why Biden fought me wâ€?https://t.co/w6Z06GKKc3",8/23/2020 18:37,30372,125931
1.2976E+18,â€œNext weâ€™ll turn to people of the Biden inner circleâ€? said by Chris Wallace of @FoxNews after unsuccessfully GRILLâ€?https://t.co/cbTDKF0Wuo,8/23/2020 18:29,19612,75849
1.29759E+18,Important White House News Conference at 5:30 (sharp) today. Very good news!,8/23/2020 17:33,36282,182357
1.29753E+18,"Happy Sunday! We want GOD!Â 
https://t.co/RsBkSEmJEi",8/23/2020 13:48,32414,128833
1.29752E+18,"Two Democrat Caucus Meetings removed â€œUNDER GODâ€?from the Pledge of Allegiance. It sounded not only strange, but teâ€?https://t.co/XbQ4tYiF64",8/23/2020 13:11,50209,183469
1.29751E+18,These riots are an antigovernment movement from the Left that are all in Democrat run cities. The mayors have got tâ€?https://t.co/2Lpghkrlpg,8/23/2020 12:13,31350,125381
1.2975E+18,"So now the Democrats are using Mail Drop Boxes, which are a voter security disaster. Among other things, they makeâ€?https://t.co/Cp2I2VJpY6",8/23/2020 11:25,0,0
1.29734E+18,"Now theyâ€™re trying to deny this, but they canâ€™t! https://t.co/vNW3I3pPNK",8/23/2020 1:26,48761,129595
1.29733E+18,".@LouDobbs wrote a great new book, â€œThe Trump Century, How Our President Changed the Course of History Foreverâ€? Stâ€?https://t.co/smJ9Br9Ewr",8/23/2020 0:35,14050,53633
1.29733E+18,"A â€œFavored Nations Clauseâ€?against Big Pharma, which I signed last week, means that the USA gets a price on Prescriâ€?https://t.co/QfGJvtRUHe",8/23/2020 0:28,45091,163301
1.29731E+18,Will be interviewed by @SteveHiltonx on @FoxNews. 9:00 P.M. Sunday Night. Enjoy!,8/22/2020 22:52,15456,72566
1.2973E+18,"Despite biggest ever job gains and a V shaped recovery, Joe Biden said, â€œI would shut it downâ€? referring to our Country. He has no clue!",8/22/2020 22:17,39363,183309
1.29729E+18,Terrible! https://t.co/pzCR7ctciz,8/22/2020 22:07,17440,61990
1.29729E+18,We did Criminal Justice Reform without many politically motivated Democrats. The Black &amp; Hispanic community will reâ€?https://t.co/cEthqCqexh,8/22/2020 22:05,19187,55483
1.29728E+18,....that they are trying to pull off in violation of everything that our Country stands for. Vote NO to the Pelosi/â€?https://t.co/2sesESERMm,8/22/2020 20:51,20449,72277
1.29728E+18,"Representatives of the Post Office have repeatedly stated that they DO NOT NEED MONEY, and will not make changes. Tâ€?https://t.co/U8ulP5OinO",8/22/2020 20:51,34307,111036
1.29715E+18,In New Jersey they want you to certify that you asked for the Universal Mail-In Ballot that they sent you. But youâ€?https://t.co/F2D9ULOROZ,8/22/2020 12:44,31221,127720
1.29715E+18,Many doctors and studies disagree with this! https://t.co/fpLVJZMvHS,8/22/2020 12:26,34282,102007
1.29714E+18,"The deep state, or whoever, over at the FDA is making it very difficult for drug companies to get people in order tâ€?https://t.co/3RLBgVjFjG",8/22/2020 11:49,30526,102642
1.29714E+18,Why would Suburban Women vote for Biden and the Democrats when Democrat run cities are now rampant with crime (andâ€?https://t.co/ri04pgmuN4,8/22/2020 11:46,26473,103558
1.29714E+18,Biden and the Democrats have greatly disrespected the Great State of Wisconsin by not even paying a small visit toâ€?https://t.co/lPlj4V6B4r,8/22/2020 11:36,24933,104182
1.29713E+18,The Democrats took the word GOD out of the Pledge of Allegiance at the Democrat National Convention. At first I thoâ€?https://t.co/Qml67yOdNN,8/22/2020 11:22,70600,234215
1.29713E+18,"Another bad night of Rioting in Portland, Oregon. A small number of Federal troops there to protect courthouse andâ€?https://t.co/MGdik6uiD2",8/22/2020 11:14,27775,106416
1.29694E+18,"Robert, I Love You. Rest In Peace!",8/21/2020 22:55,56041,504010
1.31022E+18,"Obamacare will be replaced with a MUCH better, and FAR cheaper, alternative if it is terminated in the Supreme Courâ€?https://t.co/7GLdqdPHab",9/27/2020 14:09,45049,217222
1.31022E+18,WATCH THE BALLOTS!!!,9/27/2020 14:00,34102,162805
1.31022E+18,"Wow, nobody realized how far Mini Mike Bloomberg went in bribing ex-prisoners to go out and vote for Sleepy Joe. Heâ€?https://t.co/Wnk9tolD6w",9/27/2020 13:58,35444,126927
1.31022E+18,"YES, for many years, and hundreds of times a year. He is a Senatorial JOKE! https://t.co/Yvtt9FWzZK",9/27/2020 13:50,17904,59273
1.31021E+18,"Hanoi Dick, who lied for years by saying he was a war hero in Vietnam, and was never even there (Impeach him!), shoâ€?https://t.co/ZbxOXl3vGI",9/27/2020 13:44,17913,58157
1.31021E+18,"I will be strongly demanding a Drug Test of Sleepy Joe Biden prior to, or after, the Debate on Tuesday night. Naturâ€?https://t.co/sjqLCuw1vg",9/27/2020 13:34,56700,254801
1.31004E+18,"Today, it was my great honor to nominate one of our nationâ€™s most brilliant and gifted legal minds to the Supreme Câ€?https://t.co/vXpA0vi2uo",9/27/2020 1:59,39195,166791
1.31003E+18,"For years you had a President who apologized for America - now you have a President who is standing up for America,â€?https://t.co/1cJRDc7bs3",9/27/2020 1:26,28321,114883
1.31003E+18,"Together, we are taking back our Country. We are returning power to YOU, the American People. With your help, yourâ€?https://t.co/OEDTWKLwa3",9/27/2020 1:23,13520,49342
1.31002E+18,"In just 3 and a half years, we have secured Americaâ€™s Borders, rebuilt the awesome power of the U.S. Military, obliâ€?https://t.co/kP9VVIfnyH",9/27/2020 1:12,16673,71390
1.31002E+18,"THANK YOU PENNSYLVANIA!
https://t.co/uQwRIKTPFN",9/27/2020 1:07,12798,57771
1.31327E+18,"....invincible hero, who not only survived every dirty trick the Democrats threw at him, but the Chinese virus as wâ€?https://t.co/8h8669ri2B",10/5/2020 23:56,16392,77799
1.31327E+18,"â€œYou see it in enthusiasm for the President outside Walter Reed Hospital. You see it in Registrations, from Floridaâ€?https://t.co/AJJDBtOODd",10/5/2020 23:56,21999,101444
1.31324E+18,Will be back on the Campaign Trail soon!!! The Fake News only shows the Fake Polls.,10/5/2020 22:23,51026,292612
1.31322E+18,"STOCK MARKET UP BIG, 466 Points!  28,149. Great News for America. Jobs, Jobs, Jobs!",10/5/2020 20:53,43124,240246
1.31319E+18,I will be leaving the great Walter Reed Medical Center today at 6:30 P.M. Feeling really good! Donâ€™t be afraid of Câ€?https://t.co/fFk0atUvqI,10/5/2020 18:37,125766,551724
1.31318E+18,It is reported that the Media is upset because I got into a secure vehicle to say thank you to the many fans and suâ€?https://t.co/vVn7X4eqqj,10/5/2020 18:26,49946,277988
1.31315E+18,Exclusive Excerpt--Lewandowski &amp; Bossie: â€˜Trump: America First: The President Succeeds Against All Oddsâ€™â€?https://t.co/afXOj5zYEW,10/5/2020 16:21,18018,74652
1.31314E+18,"Volunteer to be a Trump Election Poll Watcher. Sign up today! #MakeAmericaGreatAgain
https://t.co/3AnrRV7uSz",10/5/2020 15:17,23590,88636
1.31309E+18,"TODAY is the LAST day to register to VOTE in ARIZONA, FLORIDA, GEORGIA, OHIO, AND TEXAS! Click below for more inforâ€?https://t.co/cycQvxdcyB",10/5/2020 12:08,30419,110831
1.31308E+18,PEACE THROUGH STRENGTH (BRING OUR SOLDIERS HOME). VOTE!,10/5/2020 11:14,46813,249307
1.31307E+18,SAVE OUR SECOND AMENDMENT. VOTE!,10/5/2020 11:12,55160,305831
1.31307E+18,FIGHT THE CORRUPT FAKE NEWS MEDIA. VOTE!,10/5/2020 11:10,65817,368150
1.31307E+18,PROTECT PREEXISTING CONDITIONS. VOTE!,10/5/2020 11:08,43331,242316
1.31307E+18,BETTER &amp; CHEAPER HEALTHCARE. VOTE!,10/5/2020 11:07,39425,224081
1.31307E+18,PRO LIFE! VOTE!,10/5/2020 11:05,73730,461355
1.31307E+18,MASSIVE REGULATION CUTS. VOTE!,10/5/2020 11:04,35263,196917
1.31307E+18,SPACE FORCE. VOTE!,10/5/2020 11:02,47691,308627
1.31307E+18,BEST V.A. EVER. 91% APPROVAL RATING. VOTE!,10/5/2020 11:00,34257,193007
1.31307E+18,"BIGGEST TAX CUT EVER, AND ANOTHER ONE COMING. VOTE!",10/5/2020 10:54,41319,226103
1.31307E+18,RELIGIOUS LIBERTY. VOTE!,10/5/2020 10:51,43497,246361
1.31307E+18,LAW &amp; ORDER. VOTE!,10/5/2020 10:50,42240,231678
1.31307E+18,STRONGEST EVER MILITARY. VOTE!,10/5/2020 10:49,41521,248436
1.31307E+18,STOCK MARKET HIGHS. VOTE!,10/5/2020 10:47,41021,252055
1.31307E+18,Virginia Voters! Your Governor wants to obliterate your Second Amendment. I have stopped him. I am the only thing bâ€?https://t.co/D1yWi14hmb,10/5/2020 10:45,38843,168685
1.31306E+18,"IF YOU WANT A MASSIVE TAX INCREASE, THE BIGGEST IN THE HISTORY OF OUR COUNTRY (AND ONE THAT WILL SHUT OUR ECONOMY Aâ€?https://t.co/OWoknMAXEc",10/5/2020 10:30,53084,262948
1.31306E+18,â€œIâ€™m voting for Donald Trump. My father is a Union Worker and his 401K has tripled under President Trump.â€?USA Voteâ€?https://t.co/JN6HUklDg5,10/5/2020 10:19,35954,181467
1.31284E+18,"I really appreciate all of the fans and supporters outside of the hospital. The fact is, they really love our Countâ€?https://t.co/b7sSsEZ62E",10/4/2020 19:51,90623,589502
1.31271E+18,Thank you so much! https://t.co/UL6P5lRjZI,10/4/2020 11:18,64579,368512
1.31245E+18,OUR GREAT USA WANTS &amp; NEEDS STIMULUS. WORK TOGETHER AND GET IT DONE. Thank you!,10/3/2020 17:46,93180,641412
1.31244E+18,"Doctors, Nurses and ALL at the GREAT Walter Reed Medical Center, and others from likewise incredible institutions wâ€?https://t.co/Dnso50a85R",10/3/2020 17:19,100945,651766
1.31223E+18,"Going welI, I think! Thank you to all. LOVE!!!",10/3/2020 3:31,140791,1218030
1.31189E+18,"Tonight, @FLOTUS and I tested positive for COVID-19. We will begin our quarantine and recovery process immediately.â€?https://t.co/CIIB2LDQtr",10/2/2020 4:54,416929,1885706
1.31186E+18,"Hope Hicks, who has been working so hard without even taking a small break, has just tested positive for Covid 19.â€?https://t.co/guNmSgcZbV",10/2/2020 2:44,49154,318542
1.31179E+18,Iâ€™m used to it! https://t.co/HYmS2s4gEK,10/1/2020 22:22,19110,94967
1.31179E+18,I will be overturning this ridiculous order immediately! https://t.co/sFIX5Y667v,10/1/2020 21:57,26021,102573
1.31179E+18,Will be interviewed tonight by @seanhannity at 9:00. Enjoy!@FoxNews,10/1/2020 21:51,19004,119437
1.31178E+18,Thank you! https://t.co/dheOB0YlFz,10/1/2020 21:24,14569,47706
1.31178E+18,Exclusive Excerpt--Lewandowski &amp; Bossie: â€˜Trump: America First: The President Succeeds Against All Oddsâ€™â€?https://t.co/xiR75pegOd,10/1/2020 21:12,6435,23641
1.31175E+18,THANK YOU! #MAGA https://t.co/nGfbRmfmG7,10/1/2020 19:09,18097,63861
1.31173E+18,Why would I allow the Debate Commission to change the rules for the second and third Debates when I easily won last time?,10/1/2020 18:15,41693,247247
1.31169E+18,"I won the debate big, based on compilation of polls etc. Thank you!",10/1/2020 15:14,45160,338107
1.31151E+18,"Thank you @HerschelWalker! 
https://t.co/XjlYe8x1Ay",10/1/2020 3:45,19718,65892
1.3115E+18,Thank you Paul! https://t.co/aAk1sfww0d,10/1/2020 3:00,16115,63565
1.3115E+18,"100,000 DEFECTIVE BALLOTS IN NEW YORK. THEY WANT TO REPLACE THEM, BUT WHERE, AND WHAT HAPPENS TO, THE BALLOTS THATâ€?https://t.co/nVWfklnB5F",10/1/2020 2:59,51735,191282
1.3115E+18,"In just 3 and a half years, we have secured Americaâ€™s Borders, rebuilt the awesome power of the U.S. Military, obliâ€?https://t.co/JOGCmoAwaU",10/1/2020 2:51,18978,70970
1.3115E+18,"As VP, Biden wiped out the Iron Range â€?seven plants were idled and more than 2K workers were laid off. After I putâ€?https://t.co/gPV9gQ4Yv6",10/1/2020 2:47,13401,45176
1.31149E+18,I want to defend &amp; preserve our nationâ€™s historic values. Our opponents stand with rioters â€?I stand with the heroeâ€?https://t.co/IkNPWTWdSd,10/1/2020 2:31,18952,63258
1.31149E+18,Comey is a disaster who cheated and lied. How do you write books when you canâ€™t remember anything? Should be triedâ€?https://t.co/kWFKrV0e5M,10/1/2020 2:28,21642,68106
1.31149E+18,"Last night I did what the corrupt media has refused to do: I held Joe Biden Accountable for his 47 years of lies, 4â€?https://t.co/1D3jCPofbw",10/1/2020 2:24,23759,93696
1.31149E+18,"Thank you Duluth, Minnesota! 
https://t.co/OY9Ki05WHb",10/1/2020 2:14,14054,56734
1.31146E+18,"So when will something significant happen to James Comey? Got caught cold. He is either very dumb, or one of the woâ€?https://t.co/i6BnuG1k4L",10/1/2020 0:07,37787,150653
1.31145E+18,Sleepy Joeâ€™s USA! https://t.co/qL0vHoGk0z,9/30/2020 23:56,24638,69702
1.31145E+18,Leaving Minneapolis for a quick stop in Duluth to celebrate the opening of the Obama CLOSED Iron Range. My great honor!!!,9/30/2020 23:48,21266,110661
1.31142E+18,"Just landed in Minnesota. Hasnâ€™t been won by a Republican since 1972, and we saved Minneapolis. Also opened the masâ€?https://t.co/MSTMmwRv0q",9/30/2020 21:50,26406,120866
1.31141E+18,HIGHEST CABLE TELEVISION RATINGS OF ALL TIME. SECOND HIGHEST OVERALL TELEVISION RATINGS OF ALL TIME. Some day theseâ€?https://t.co/pRXt9G5cRH,9/30/2020 21:16,33797,186252
1.3114E+18,"So weird to watch @FoxNews interviewing only failed Dems, like Represenative Tim Ryan of Ohio, who got zero percentâ€?https://t.co/I0nYbMwaah",9/30/2020 20:27,20772,92082
1.31139E+18,Just departed the White House for Minnesota! #MAGA https://t.co/nAdxls0z8C,9/30/2020 19:42,10212,47395
1.31139E+18,Thank you! https://t.co/KVayfCydRd,9/30/2020 19:41,13425,49427
1.31139E+18,Thank you Ari! https://t.co/ghPg3w2jmc,9/30/2020 19:22,11961,44961
1.31139E+18,No wonder I didnâ€™t lose my hair! https://t.co/jBFE2OEhS2,9/30/2020 19:21,14643,81383
1.31139E+18,Try getting a new Anchor and a smarter Democrat candidate! https://t.co/B9heSVV1OJ,9/30/2020 19:19,28145,116306
1.31138E+18,Should be arrested on the spot! https://t.co/x81s8npZEF,9/30/2020 18:48,19015,61335
1.31138E+18,Thank you Chuck and Harry! https://t.co/kKQOKbNEtk,9/30/2020 18:44,9106,33959
1.31137E+18,Radical Left Democrats are going CRAZY!,9/30/2020 18:25,34358,202899
1.31137E+18,Such a timid group of reporters at the Biden Press Conference. Where do these people come from?,9/30/2020 18:23,19602,105854
1.31137E+18,Many more people would have died from the China Virus if Sleepy Joe were your President. He didnâ€™t even want me toâ€?https://t.co/zBRjg3siKT,9/30/2020 18:01,25161,111826
1.31133E+18,Heading to Minnesota today. Saved Minneapolis after the Dem LEFT almost let it be TOTALLY destroyed! #MAGA,9/30/2020 15:52,21572,107849
1.31133E+18,"Wow! 100,000 Mail In Ballots in New York City a total MESS. Mayor and Governor have no idea what to do. Big Fraud,â€?https://t.co/gLK6qgNhPa",9/30/2020 15:35,31504,109395
1.31131E+18,"Biden REFUSED to use the term, LAW &amp; ORDER! There go the Suburbs.",9/30/2020 14:22,44312,247116
1.31131E+18,"Biden wants to Pack the Supreme Court, thereby ruining it. Also, he wants no fracking, killing our Energy business,â€?https://t.co/RnRD1c8Z3j",9/30/2020 14:13,33119,129904
1.3113E+18,"Nobody wants Sleepy Joe as a leader, including the Radical Left (which he lost last night!). He disrespected Bernieâ€?https://t.co/fthCD0Cecq",9/30/2020 13:31,33589,168641
1.31129E+18,"Chris had a tough night. Two on one was not surprising, but  fun. Many important points made, like throwing Bernie,â€?https://t.co/YQ8VpAsIcs",9/30/2020 13:17,23941,98432
1.31113E+18,"Volunteer to be a Trump Election Poll Watcher. Sign up today! #MakeAmericaGreatAgain 
https://t.co/8m0dNPTtt6",9/30/2020 2:30,14682,48611
1.31113E+18,â€œEPA: One Trillion Trees Initiative will build on President Donald Trumpâ€™s commitmentâ€?https://t.co/qQZqgqUrSK,9/30/2020 2:26,10459,36661
1.31113E+18,Joe Biden could not name a single Law Enforcement group that supports his candidacy!,9/30/2020 2:15,50755,268838
1.31112E+18,The American people want LAW &amp; ORDER â€?Joe Biden wonâ€™t even say those words!,9/30/2020 2:00,42347,220149
1.31112E+18,"â€œThe Fraternal Order of PoliceÂ endorsedÂ President Trumpâ€™s reelection, saying he has the â€˜full and enthusiastic suppâ€?https://t.co/sea99vOKam",9/30/2020 1:58,13692,47263
1.31112E+18,I did more in 47 months as President than Joe Biden did in 47 years! https://t.co/Qa7U3pKxtE,9/30/2020 1:39,34064,148029
1.31112E+18,"If we listened to Joe Biden on coronavirus, millions of people would have died! https://t.co/zFRTHPIWwW",9/30/2020 1:35,12886,50041
1.31112E+18,Joe wants to shut down this Country. I want to keep it OPEN!,9/30/2020 1:34,52224,326744
1.31111E+18,When Joe Biden was VP...https://t.co/Ps7Qd08y6t,9/30/2020 1:15,20297,54371
1.31105E+18,Wow. Wonâ€™t let Poll Watchers &amp; Security into Philadelphia Voting Places. There is only one reason why. Corruption!!â€?https://t.co/mkWsQx48e7,9/29/2020 21:14,37127,130068
1.31105E+18,Just arrived in the Great State of Ohio. Real Polls have us leading by even more than 2016. With Biden being againsâ€?https://t.co/bV65znfZf4,9/29/2020 21:13,29372,156650
1.31097E+18,"A GREAT HONOR, THANK YOU!! https://t.co/OpgQwAPPtV",9/29/2020 15:53,28064,117715
1.31095E+18,"Our Great 1st Amendment, our Great 2nd Amendment, our right to worship God &amp; so much more comes down to one vote onâ€?https://t.co/ZqD7kYgRkK",9/29/2020 14:30,13867,52636
1.3108E+18,Rigged Election! https://t.co/ysYCBCyxf8,9/29/2020 4:22,66914,170041
1.31079E+18,"Now Fake News @CNN is actually reporting that I wanted my daughter, Ivanka, to run with me as my Vice President inâ€?https://t.co/FHICmEOaBk",9/29/2020 3:58,40058,188215
1.31079E+18,Might as well mention this because it will never be reported by the Lamestream Media! https://t.co/5qqZrr9hXz,9/29/2020 3:51,33639,126316
1.31077E+18,"Thank you #Truckers4Trump! 
https://t.co/leBrV3wo0J",9/29/2020 2:40,22867,108323
1.31074E+18,The â€œTrump Doctrineâ€?earns President Trump a third Nobel Peace Prize Nomination! @LouDobbs,9/29/2020 0:37,36407,161862
1.31059E+18,"Joe Biden just announced that he will not agree to a Drug Test. Gee, I wonder why?",9/28/2020 14:33,85862,411660
1.31059E+18,".....Financial Statements, from  the time I announced I was going to run for President,  showing all properties, asâ€?https://t.co/YEAKatL91F",9/28/2020 14:29,20383,88747
1.31059E+18,".....Also, if you look at the extraordinary assets owned by me, which the Fake News hasnâ€™t, I am extremely under leâ€?https://t.co/XFzj3W2702",9/28/2020 14:29,15525,72204
1.31059E+18,"The Fake News Media, just like Election time 2016, is bringing up my Taxes &amp; all sorts of other nonsense with illegâ€?https://t.co/E9UgcuLAR7",9/28/2020 14:29,35077,146280
1.31059E+18,The Ballots being returned to States cannot be accurately counted. Many things are already going very wrong!,9/28/2020 14:21,38441,138683
1.31044E+18,Great book! https://t.co/H6J5JLW1mF,9/28/2020 4:29,12575,54352
1.31044E+18,"This is totally illegal. Hope that the U.S. Attorney in Minnesota has this, and other of her many misdeeds, under sâ€?https://t.co/xKrRfLkmz8",9/28/2020 4:25,44012,126817
1.31043E+18,FAKE NEWS!,9/28/2020 4:13,39359,254144
